===== ANALYST mimo 2026-08-21 19:18:11 UTC =====
[0m
> build · mimo-v2.5-free
[0m
[0m$ [0mls -la
total 84
drwxr-xr-x 11 runner runner 4096 Aug 21 19:16 .
drwxr-xr-x  3 runner runner 4096 Aug 21 19:16 ..
drwxr-xr-x  7 runner runner 4096 Aug 21 19:16 .git
drwxr-xr-x  3 runner runner 4096 Aug 21 19:16 .github
-rw-r--r--  1 runner runner 1383 Aug 21 19:16 README.md
-rw-r--r--  1 runner runner   36 Aug 21 19:16 analyst-out.txt
-rw-r--r--  1 runner runner 9558 Aug 21 19:16 analyst-prompt.txt
-rw-r--r--  1 runner runner 5812 Aug 21 19:16 ctx.txt
drwxr-xr-x  2 runner runner 4096 Aug 21 19:16 inventory
drwxr-xr-x  2 runner runner 4096 Aug 21 19:16 knowledge
drwxr-xr-x  2 runner runner 4096 Aug 21 19:16 leads
-rw-r--r--  1 runner runner  449 Aug 21 19:16 probe-results.md
drwxr-xr-x  2 runner runner 4096 Aug 21 19:16 reports
drwxr-xr-x  4 runner runner 4096 Aug 21 19:16 reposcan-raw
-rw-r--r--  1 runner runner 2491 Aug 21 19:16 scope.yml
drwxr-xr-x  2 runner runner 4096 Aug 21 19:16 scripts
-rw-r--r--  1 runner runner   33 Aug 21 19:16 state_mimo.json
drwxr-xr-x  2 runner runner 4096 Aug 21 19:16 triage
[0m
[0m→ [0mRead state_mimo.json
[0m→ [0mRead ctx.txt
[0m→ [0mRead knowledge
[0m→ [0mRead inventory
[0m→ [0mRead leads
[0m→ [0mRead leads/reposcan-latest.md
[0m→ [0mRead knowledge/index.md
[0m→ [0mRead inventory/duocircle.md
[0m→ [0mRead probe-results.md
[0m→ [0mRead reports
[0m→ [0mRead leads/lead-nemotron3.md
[0m→ [0mRead leads/lead-bigpickle.md
[0m
[0m$ [0mcurl -sI https://www.duocircle.com/llms.txt 2>&1 | head -20
HTTP/2 200 
accept-ranges: bytes
access-control-allow-origin: *
age: 0
cache-control: public, max-age=0, must-revalidate
content-disposition: inline; filename="llms.txt"
content-security-policy: default-src 'self'; script-src 'self' 'unsafe-inline' https://www.googletagmanager.com https://www.google-analytics.com https://googleads.g.doubleclick.net https://www.googleadservices.com https://*.freshchat.com https://cloud.umami.is https://challenges.cloudflare.com https://*.elfsight.com https://elfsightcdn.com https://*.elfsightcdn.com https://*.clarity.ms https://insight.iljmp.com https://connect.facebook.net https://*.site24x7rum.eu https://salespanel.io https://*.g2.com https://*.g2crowd.com https://*.albacross.com https://*.zohopublic.com https://*.zohocdn.com https://static.cloudflareinsights.com; style-src 'self' 'unsafe-inline' https://fonts.googleapis.com https://*.elfsight.com https://elfsightcdn.com https://*.elfsightcdn.com https://*.freshchat.com https://*.zohocdn.com; img-src 'self' data: https:; font-src 'self' https://fonts.gstatic.com https://*.elfsight.com https://elfsightcdn.com https://*.elfsightcdn.com https://*.freshchat.com https://*.zohocdn.com; connect-src 'self' https://www.googletagmanager.com https://www.google-analytics.com https://region1.google-analytics.com https://googleads.g.doubleclick.net https://*.freshchat.com wss://*.freshchat.com https://dns.google https://cloud.umami.is https://api-gateway.umami.dev https://gateway.umami.is https://*.elfsight.com https://elfsightcdn.com https://*.elfsightcdn.com https://*.clarity.ms https://insight.iljmp.com https://pagead2.googlesyndication.com https://www.facebook.com https://*.site24x7rum.eu https://*.salespanel.io https://*.g2.com https://*.g2crowd.com https://*.albacross.com https://*.zohopublic.com wss://*.zohopublic.com; frame-src https://www.googletagmanager.com https://*.freshchat.com https://challenges.cloudflare.com https://*.elfsight.com https://elfsightcdn.com https://*.elfsightcdn.com https://*.zohopublic.com; frame-ancestors 'self'; object-src 'none'; base-uri 'self'; form-action 'self'; upgrade-insecure-requests
content-type: text/plain; charset=utf-8
date: Fri, 21 Aug 2026 19:16:44 GMT
etag: "334ecf8c72f344543cad431126e3c33b"
last-modified: Fri, 21 Aug 2026 19:16:44 GMT
permissions-policy: camera=(), microphone=(), geolocation=(), payment=()
referrer-policy: strict-origin-when-cross-origin
server: Vercel
strict-transport-security: max-age=63072000; includeSubDomains; preload
vary: accept
x-content-type-options: nosniff
x-frame-options: DENY
x-vercel-cache: MISS
x-vercel-id: iad1::2s4lw-1787339804411-abe3d9cdc610
[0m
[0m$ [0mcurl -sI https://www.duocircle.com/.well-known/agent-skills/markdown-negotiation/SKILL.md 2>&1 | head -20
HTTP/2 200 
accept-ranges: bytes
access-control-allow-origin: *
age: 0
cache-control: public, max-age=0, must-revalidate
content-disposition: inline; filename="SKILL.md"
content-security-policy: default-src 'self'; script-src 'self' 'unsafe-inline' https://www.googletagmanager.com https://www.google-analytics.com https://googleads.g.doubleclick.net https://www.googleadservices.com https://*.freshchat.com https://cloud.umami.is https://challenges.cloudflare.com https://*.elfsight.com https://elfsightcdn.com https://*.elfsightcdn.com https://*.clarity.ms https://insight.iljmp.com https://connect.facebook.net https://*.site24x7rum.eu https://salespanel.io https://*.g2.com https://*.g2crowd.com https://*.albacross.com https://*.zohopublic.com https://*.zohocdn.com https://static.cloudflareinsights.com; style-src 'self' 'unsafe-inline' https://fonts.googleapis.com https://*.elfsight.com https://elfsightcdn.com https://*.elfsightcdn.com https://*.freshchat.com https://*.zohocdn.com; img-src 'self' data: https:; font-src 'self' https://fonts.gstatic.com https://*.elfsight.com https://elfsightcdn.com https://*.elfsightcdn.com https://*.freshchat.com https://*.zohocdn.com; connect-src 'self' https://www.googletagmanager.com https://www.google-analytics.com https://region1.google-analytics.com https://googleads.g.doubleclick.net https://*.freshchat.com wss://*.freshchat.com https://dns.google https://cloud.umami.is https://api-gateway.umami.dev https://gateway.umami.is https://*.elfsight.com https://elfsightcdn.com https://*.elfsightcdn.com https://*.clarity.ms https://insight.iljmp.com https://pagead2.googlesyndication.com https://www.facebook.com https://*.site24x7rum.eu https://*.salespanel.io https://*.g2.com https://*.g2crowd.com https://*.albacross.com https://*.zohopublic.com wss://*.zohopublic.com; frame-src https://www.googletagmanager.com https://*.freshchat.com https://challenges.cloudflare.com https://*.elfsight.com https://elfsightcdn.com https://*.elfsightcdn.com https://*.zohopublic.com; frame-ancestors 'self'; object-src 'none'; base-uri 'self'; form-action 'self'; upgrade-insecure-requests
content-signal: ai-train=yes, search=yes, ai-input=yes
content-type: text/markdown; charset=utf-8
date: Fri, 21 Aug 2026 19:16:45 GMT
etag: "8a0a402e5e76e48deb2d8a00f2a63194"
last-modified: Fri, 21 Aug 2026 19:16:45 GMT
permissions-policy: camera=(), microphone=(), geolocation=(), payment=()
referrer-policy: strict-origin-when-cross-origin
server: Vercel
strict-transport-security: max-age=63072000; includeSubDomains; preload
vary: accept
x-content-type-options: nosniff
x-frame-options: DENY
x-robots-tag: noindex
[0m
[0m$ [0mcurl -sI https://api.autospf.com/ 2>&1 | head -20
HTTP/2 302 
cache-control: no-cache, private
content-security-policy: base-uri 'self';connect-src 'self' autospf.com *.autospf.com api.autospf.com www.gstatic.com visithunter.io plugin.klenty.com www.kt-web2.com www.kl-wt1.com new-collect.albacross.com api.salespanel.io tracking-api.g2.com *.googletagmanager.com *.googleadservices.com *.google-analytics.com *.analytics.google.com *.g.doubleclick.net *.google.com pagead2.googlesyndication.com https://*.clarity.ms https://c.bing.com www.facebook.com;default-src 'self';media-src 'self';object-src 'none';form-action 'self' autospf.com *.autospf.com sptest.iamshowcase.com accounts.zohoportal.com subscriptions.zoho.com billing.zoho.com billing.autospf.com billing.zohosecure.com www.facebook.com;frame-ancestors *.autospf.com autospf.com *.dmarcreport.com dmarcreport.com;frame-src *.autospf.com autospf.com *.dmarcreport.com dmarcreport.com www.google.com *.googletagmanager.com *.googleadservices.com td.doubleclick.net www.facebook.com https://connect-js.stripe.com https://js.stripe.com;script-src 'self' 'unsafe-eval' 'strict-dynamic' *.autospf.com autospf.com www.gstatic.com s3-us-west-2.amazonaws.com/kl-website-tracking/klenty_track.js us3-cx.outplayhq.com insight.iljmp.com visithunter.io serve.albacross.com tracking.g2crowd.com cdnjs.cloudflare.com salespanel.io ddwl4m2hdecbv.cloudfront.net *.googletagmanager.com *.googleadservices.com 'nonce-m2JScQQF7rA2LRNfluFDCWO4uhGhpgW4' *.google-analytics.com *.analytics.google.com *.g.doubleclick.net *.google.com pagead2.googlesyndication.com https://*.clarity.ms https://c.bing.com connect.facebook.net https://connect-js.stripe.com https://js.stripe.com;style-src 'self' 'unsafe-inline' *.autospf.com autospf.com fonts.googleapis.com fonts.bunny.net use.fontawesome.com;font-src 'self' data: *.autospf.com autospf.com fonts.googleapis.com fonts.gstatic.com fonts.bunny.net use.fontawesome.com;img-src 'self' data: *.googleusercontent.com *.autospf.com autospf.com www.globalcyberalliance.org new-collect.albacross.com www.gravatar.com workoscdn.com *.googletagmanager.com *.googleadservices.com *.google-analytics.com *.analytics.google.com *.g.doubleclick.net *.google.com pagead2.googlesyndication.com https://*.clarity.ms https://c.bing.com www.facebook.com https://*.stripe.com
content-type: text/html; charset=utf-8
date: Fri, 21 Aug 2026 19:16:45 GMT
location: https://api.autospf.com/login
set-cookie: XSRF-TOKEN=eyJpdiI6IkZBZGNhQjh4WTd1bnBqbFI2dW9ZUHc9PSIsInZhbHVlIjoiY2FiaDhLOXZwL1Jpd2ZlZTN0cW9lQ0hwL3F2bkh5ZzJMSkxvVHJRWUdSVmdvbTFvNlY0VnZiem80c2VwU0hrdVV5UEs4VVQ1YXJDdFhnZ2lGRVFteEhpNEs2N2RDakRhRnoyTnBtdUQ0YktQajVTc3RwNVRURTQ3K2JjQmlCdk8iLCJtYWMiOiI1OWE2MjdiMmM2NmFhMWFjZThmNWQ0MmFmNzcwODIyMGYxNGQzNDEwN2NjZTZlOGFlOTIyNDUwMDBiODA2MDgyIiwidGFnIjoiIn0%3D; expires=Fri, 21 Aug 2026 21:16:45 GMT; Max-Age=7200; path=/; domain=.autospf.com; secure; samesite=none
set-cookie: auto_spf_flattening_service_session=eyJpdiI6IjhTSzYxUTJocFV0QWloeWlrcUR5Z1E9PSIsInZhbHVlIjoianhIQ05MV3h6MjRxcTZCU01uVzh1T1J4QXd0MThVb1JqMTVlbEQrdlgwNFB0cGhvRm9PeHNpTVdjWCtCSDJZbCtVenBCRHdCbFBLNzlublpmV1BRcUJ6Zi9hMXJzeUU0bkFpWVhrRExiYSt6My9jbzRxbDZpeVhpamIydDlhOXEiLCJtYWMiOiI2Mzc3NzBmMzIzM2Y4MzViZGIyN2UwYTlhZTRhMjQ5YzZlMzcxYmEyNjkyMWE3NDM1Njk1NDhhZGI0MjIzODc5IiwidGFnIjoiIn0%3D; expires=Fri, 21 Aug 2026 21:16:45 GMT; Max-Age=7200; path=/; domain=.autospf.com; secure; httponly; samesite=none
strict-transport-security: max-age=31536000; includeSubDomains; preload
x-content-type-options: nosniff
x-frame-options: SAMEORIGIN
x-xss-protection: 1; mode=block
[0m
[0m$ [0mcurl -sI https://api.dmarcreport.com/ 2>&1 | head -20
HTTP/2 200 
alt-svc: h3=":443"; ma=2592000
cache-control: max-age=0, private, must-revalidate
content-security-policy: default-src https: 'self' 'unsafe-inline'; base-uri 'self'; connect-src 'self' *.nr-data.net www.recaptcha.net static.cloudflareinsights.com challenges.cloudflare.com *.zoho.com *.zohosecure.com *.iljmp.com; font-src 'self' data: fonts.gstatic.com fonts.googleapis.com; form-action 'self' *.widgets.dev.dmarcinput.com *.widgets.dmarcinput.com billing.dmarcreport.com *.zoho.com *.zohosecure.com api.workos.com account.duocircle.com account.duocircle-sandbox.com *.authkit.app; frame-ancestors 'self' dmarcreport.com; frame-src 'self' *.widgets.dev.dmarcinput.com *.widgets.dmarcinput.com *.widgets.app.lvh.me www.recaptcha.net challenges.cloudflare.com *.zoho.com *.zohosecure.com; img-src 'self' https: data: blob:; object-src 'none'; script-src 'self' 'unsafe-inline' 'unsafe-eval' js-agent.newrelic.com www.recaptcha.net www.gstatic.com challenges.cloudflare.com static.cloudflareinsights.com *.zoho.com *.zohosecure.com zoho.com zohostatic.com cdn.jsdelivr.net *.iljmp.com; style-src 'self' 'unsafe-inline' fonts.googleapis.com; report-uri /csp/report
content-type: application/json; charset=utf-8
etag: W/"5568daabd081a764093328ee6303b798"
referrer-policy: strict-origin-when-cross-origin
strict-transport-security: max-age=31536000; includeSubDomains; preload
vary: Accept
x-content-type-options: nosniff
x-download-options: noopen
x-frame-options: sameorigin
x-permitted-cross-domain-policies: none
x-request-id: 689910f4-ccea-461e-83b4-b9363c952ab7
x-runtime: 0.008028
x-xss-protection: 0
content-length: 0
date: Fri, 21 Aug 2026 19:16:46 GMT
[0m
[0m$ [0mcurl -sI https://support.dmarcreport.com/ 2>&1 | head -20
HTTP/2 302 
date: Fri, 21 Aug 2026 19:16:46 GMT
content-type: text/html; charset=utf-8
location: https://support.dmarcreport.com/support/home
status: 302 Found
cache-control: no-store
strict-transport-security: max-age=31536000; includeSubDomains; preload
pragma: no-cache
x-xss-protection: 1; mode=block
x-request-id: 5de21ffd-3247-9381-abcf-58ae1528c4fe
x-frame-options: SAMEORIGIN
x-content-type-options: nosniff
content-security-policy: default-src 'self'; connect-src 'self' *.freshconnect.io/ *.freshsales.io/ *.freshworks.com/ *.freshdesk.com/ *.freshworksapi.com/ *.qualtrics.com/ *.freshdeskusercontent.com/ *.freshdeskusercontent-euc.com/ *.freshdeskusercontent-in.com/ *.freshdeskusercontent-aus.com/ *.fconstage.io/ analytics.inlinemanual.com/__profile analytics.inlinemanual.com/__ptm backend.getbeamer.com/ heapanalytics.com/ d3h0owdjgzys62.cloudfront.net/ d2uy6ubiilaqku.cloudfront.net/assets/ dcdu85ocrj5q6.cloudfront.net/ dtdafz6i4gvv1.cloudfront.net/ d3r4aewxkdubw4.cloudfront.net/ d2lz1e868xzctj.cloudfront.net/ rum.haystack.es/freshdesk/analytics rum.haystack.es/freshworks-rts/_logs fonts.googleapis.com/ fonts.gstatic.com/ sentry.io/api/ wss://*.freshworksapi.com/ wss://*.freshdesk.com/ fg8vvsvnieiv3ej16jby.litix.io/ distillery.wistia.com/ pipedream.wistia.com/ freshworks.asknice.ly/ embedwistia-a.akamaihd.net/ embed-fastly.wistia.com/ maps.googleapis.com/ graph.microsoft.com/v1.0/ freshcaller-attachments.s3.amazonaws.com/production/ euc-freshcaller-attachments.s3.eu-central-1.amazonaws.com/production/ mec-freshcaller-attachments.s3.me-central-1.amazonaws.com/production/ eun-freshcaller-attachments.s3.me-central-1.amazonaws.com/production/ au-freshcaller-attachments.s3-ap-southeast-2.amazonaws.com/production/ in-freshcaller-attachments.s3.ap-south-1.amazonaws.com/production/ pubsub.rtschannel.com/ api.fdcollab.com/ wss://pubsub.rtschannel.com/ cloudflareinsights.com/ data: blob: api.appcues.net/ wss://api.appcues.net/ fast.appcues.com/ cdn.jsdelivr.net/npm/@freshworks/crayons-icon@next/dist/ translate.googleapis.com/translate_a/t translate.googleapis.com/element/log fast.wistia.net/ fast.wistia.com/ embed-cloudfront.wistia.com/deliveries/ app.inlinemanual.com/ client-api.auryc.com/ *.surveyserv.com *.freshsurvey.com *.freddybot.com *.freshreports.com rum.haystack.es/freshreports/analytics dsv27oefxtf0.cloudfront.net/ d259946rb8u125.cloudfront.net/ d26h8g5t9na1ph.cloudfront.net/ d3k2px406bziu5.cloudfront.net/ d3vemg63yfopge.cloudfront.net/ d18u0ykezz20xl.cloudfront.net/ d38bgnd74qpt7g.cloudfront.net/ *.userpilot.io/ wss://*.userpilot.io/ www.youtube.com/oembed vimeo.com/api/ www.loom.com/v1/ api.vidyard.com/dashboard/; font-src 'self' *.freshdesk.com/ fonts.gstatic.com/ fonts.googleapis.com/ cdnjs.cloudflare.com/ajax/libs/font-awesome/4.2.0/fonts/ fast.wistia.net/ fast.wistia.com/ *.freddybot.com cdn.inlinemanual.com/inm/author/ d259946rb8u125.cloudfront.net/ d26h8g5t9na1ph.cloudfront.net/ d3k2px406bziu5.cloudfront.net/ d3vemg63yfopge.cloudfront.net/ d18u0ykezz20xl.cloudfront.net/ d38bgnd74qpt7g.cloudfront.net/ data:; frame-src 'self' https:; img-src 'self' https: data: blob:; media-src 'self' https: blob:; object-src 'none'; script-src 'self' *.freshworksapi.com/ *.freshworks.com/ *.myfreshworks.com/ *.freshdesk.com/ *.freshchat.com/ *.freshcaller.com/ *.freshconnect.io/ *.freshcloud.io/ *.fconstage.io/ accounts.freshworks.com/ wchat.freshchat.com/js/ wchat.freshchat.com/widget/js/ *.siteintercept.qualtrics.com/SIE/ *.qualtrics.com assets.calendly.com/assets/external/widget.js d3h0owdjgzys62.cloudfront.net/ d2uy6ubiilaqku.cloudfront.net/ dtdafz6i4gvv1.cloudfront.net/ dcdu85ocrj5q6.cloudfront.net/ d3r4aewxkdubw4.cloudfront.net/ app.getbeamer.com/js/beamer-embed.js analytics.inlinemanual.com/ cdn.inlinemanual.com/embed/ cdn.heapanalytics.com/ s3.amazonaws.com/assets.freshdesk.com/ cdnjs.cloudflare.com/ ajax.cloudflare.com/ static.cloudflareinsights.com/ js.chargebee.com/v1/chargebee.js js.braintreegateway.com/v1/braintree.js static.freshdev.io/ fast.wistia.net/ fast.wistia.com/ static.getbeamer.com/ calendly.com/ unpkg.com/@webcomponents/webcomponentsjs@2.4.3/custom-elements-es5-adapter.js unpkg.com/@webcomponents/webcomponentsjs@2.4.3/webcomponents-loader.js js-agent.newrelic.com/ www.googletagmanager.com/gtag/js static.asknice.ly/dist/standalone/asknicely-in-app-conversation.js www.dropbox.com/static/api/2/dropins.js js.live.net/v7.2/OneDrive.js apis.google.com/ asknice.ly bam.nr-data.net/ www.google-analytics.com/analytics.js maps.googleapis.com/ unpkg.com/@freshworks/crayons@v3/dist/crayons/crayons.esm.js unpkg.com/@freshworks/crayons@v3/dist/crayons/crayons.js s3.amazonaws.com/freshcaller-widget-loader/ in-freshcaller-widget-loader.s3.ap-south-1.amazonaws.com/ s3.eu-central-1.amazonaws.com/euc-freshcaller-widget-loader/ mec-freshcaller-widget-loader.s3.me-central-1.amazonaws.com/ eun-freshcaller-widget-loader.s3.me-central-1.amazonaws.com/ au-freshcaller-widget-loader.s3-ap-southeast-2.amazonaws.com/ www.dropbox.com/static/api/1/dropbox.js fast.appcues.com/ translate.google.com/translate_a/element.js translate.googleapis.com/_/translate_http/_/js/ translate-pa.googleapis.com/v1/supportedLanguages cdn.surveyserv.com/widget.min.js cdn.freshdev.io/assets/marketplace-heap.js cdn.freshcloud.io/assets/marketplace-heap.js cdn.freshdev.io/assets/marketplace-analytics.js cdn.inlinemanual.com/inm/author/ app.inlinemanual.com/ *.surveyserv.com *.freshsurvey.com www.google.com/recaptcha/ www.gstatic.com/recaptcha/ *.freddybot.com d3el5jsqgryo0a.cloudfront.net d259946rb8u125.cloudfront.net/ d26h8g5t9na1ph.cloudfront.net/ d3k2px406bziu5.cloudfront.net/ d3vemg63yfopge.cloudfront.net/ d18u0ykezz20xl.cloudfront.net/ d38bgnd74qpt7g.cloudfront.net/ accounts.google.com/ js.userpilot.io/ 'unsafe-inline' 'unsafe-eval'; style-src 'self' *.freshworks.com *.myfreshworks.com/ *.freshchat.com/ d3h0owdjgzys62.cloudfront.net/ dcdu85ocrj5q6.cloudfront.net/ dtdafz6i4gvv1.cloudfront.net/ d3r4aewxkdubw4.cloudfront.net/ d2uy6ubiilaqku.cloudfront.net/ d259946rb8u125.cloudfront.net/ d26h8g5t9na1ph.cloudfront.net/ d3k2px406bziu5.cloudfront.net/ d3vemg63yfopge.cloudfront.net/ d18u0ykezz20xl.cloudfront.net/ d38bgnd74qpt7g.cloudfront.net/ fonts.googleapis.com/ app.getbeamer.com/styles/beamer-embed.css s3.amazonaws.com/assets.freshdesk.com/ *.freshdesk.com/ wchat.freshchat.com/ calendly.com/ unpkg.com/@webcomponents/webcomponentsjs@2.4.3/custom-elements-es5-adapter.js unpkg.com/@webcomponents/webcomponentsjs@2.4.3/webcomponents-loader.js static.asknice.ly/dist/standalone/asknicely-in-app-conversation.css fast.appcues.com/ asknice.ly *.surveyserv.com *.freshsurvey.com *.freddybot.com cdn.inlinemanual.com/inm/author/ 'unsafe-inline'; worker-src 'self' blob:
expires: Fri, 01 Jan 1990 00:00:00 GMT
x-envoy-upstream-service-time: 43
x-trace-id: 00-80a971d8cbfd6a8350a7114c3e5bee7b-9390399c19f6c1da-01
nel: { "report_to": "nel-endpoint-freshdesk", "max_age": 2592000, "include_subdomains": true}
report-to: { "group": "nel-endpoint-freshdesk", "max_age": 2592000, "include_subdomains": true, "endpoints": [{"url": "https://nel.us-east-1.freshedge.net/nelreports/freshdesk"}]}
x-server-processing-time-ms: 47
x-fw-ratelimiting-managed: false
[0m
Let me do fresh reconnaissance to check for any new or changed assets.
[0m$ [0mcurl -sI https://dmarcreport.com/ 2>&1 | head -20
HTTP/2 200 
accept-ranges: bytes
access-control-allow-origin: *
age: 33116
cache-control: public, max-age=0, must-revalidate, s-maxage=60
content-disposition: inline
content-security-policy: default-src 'self'; script-src 'self' 'unsafe-inline' https://www.googletagmanager.com https://*.google-analytics.com https://googleads.g.doubleclick.net https://www.googleadservices.com https://*.freshchat.com https://*.umami.is https://challenges.cloudflare.com https://*.elfsight.com https://elfsightcdn.com https://*.elfsightcdn.com https://static.cloudflareinsights.com https://*.i.posthog.com https://*.clarity.ms https://salespanel.io https://*.g2.com; style-src 'self' 'unsafe-inline' https://fonts.googleapis.com https://*.elfsight.com https://elfsightcdn.com https://*.elfsightcdn.com https://*.freshchat.com; img-src 'self' data: https:; font-src 'self' https://fonts.gstatic.com https://*.elfsight.com https://elfsightcdn.com https://*.elfsightcdn.com https://*.freshchat.com; connect-src 'self' https://www.googletagmanager.com https://*.google-analytics.com https://googleads.g.doubleclick.net https://*.freshchat.com wss://*.freshchat.com https://dns.google https://*.umami.is https://api-gateway.umami.dev https://*.elfsight.com https://elfsightcdn.com https://*.elfsightcdn.com https://*.i.posthog.com https://*.clarity.ms https://*.salespanel.io https://*.g2.com; frame-src https://www.googletagmanager.com https://*.freshchat.com https://challenges.cloudflare.com https://*.elfsight.com https://elfsightcdn.com https://*.elfsightcdn.com; worker-src 'self' blob:; frame-ancestors 'self'; object-src 'none'; base-uri 'self'; form-action 'self'; upgrade-insecure-requests
content-type: text/html; charset=utf-8
date: Fri, 21 Aug 2026 19:16:47 GMT
etag: "04f7ffe5335952b47091cf9fc9a0e57c"
last-modified: Fri, 21 Aug 2026 10:04:50 GMT
link: </index.md>; rel="alternate"; type="text/markdown", </.well-known/agent-skills/markdown-negotiation/SKILL.md>; rel="service-doc", </llms.txt>; rel="describedby"
permissions-policy: camera=(), microphone=(), geolocation=(), payment=()
referrer-policy: strict-origin-when-cross-origin
server: Vercel
strict-transport-security: max-age=63072000; includeSubDomains; preload
vary: accept
x-content-type-options: nosniff
x-frame-options: DENY
x-vercel-cache: HIT
[0m
[0m$ [0mcurl -sI https://api.dmarcreport.com/api/v1/ 2>&1 | head -20
HTTP/2 404 
alt-svc: h3=":443"; ma=2592000
cache-control: no-cache
content-security-policy: default-src https: 'self' 'unsafe-inline'; base-uri 'self'; connect-src 'self' *.nr-data.net www.recaptcha.net static.cloudflareinsights.com challenges.cloudflare.com *.zoho.com *.zohosecure.com *.iljmp.com; font-src 'self' data: fonts.gstatic.com fonts.googleapis.com; form-action 'self' *.widgets.dev.dmarcinput.com *.widgets.dmarcinput.com billing.dmarcreport.com *.zoho.com *.zohosecure.com api.workos.com account.duocircle.com account.duocircle-sandbox.com *.authkit.app; frame-ancestors 'self' dmarcreport.com; frame-src 'self' *.widgets.dev.dmarcinput.com *.widgets.dmarcinput.com *.widgets.app.lvh.me www.recaptcha.net challenges.cloudflare.com *.zoho.com *.zohosecure.com; img-src 'self' https: data: blob:; object-src 'none'; script-src 'self' 'unsafe-inline' 'unsafe-eval' js-agent.newrelic.com www.recaptcha.net www.gstatic.com challenges.cloudflare.com static.cloudflareinsights.com *.zoho.com *.zohosecure.com zoho.com zohostatic.com cdn.jsdelivr.net *.iljmp.com; style-src 'self' 'unsafe-inline' fonts.googleapis.com; report-uri /csp/report
content-type: text/html; charset=utf-8
referrer-policy: strict-origin-when-cross-origin
set-cookie: _dmarc_reporter_session=2c280b4df2fec64ae440a1fd130b92fd; path=/; expires=Sat, 22 Aug 2026 19:16:54 GMT; HttpOnly; SameSite=Lax; secure
strict-transport-security: max-age=31536000; includeSubDomains; preload
vary: Accept
x-content-type-options: nosniff
x-download-options: noopen
x-frame-options: sameorigin
x-permitted-cross-domain-policies: none
x-request-id: 2cf627fe-12a3-42dc-adfd-0cd10740d330
x-runtime: 0.213851
x-xss-protection: 0
content-length: 0
date: Fri, 21 Aug 2026 19:16:54 GMT
[0m
[0m$ [0mcurl -sI https://billing.dmarcreport.com/ 2>&1 | head -20
HTTP/1.1 302 
Server: ZGS
Date: Fri, 21 Aug 2026 19:16:54 GMT
Content-Type: text/html;charset=UTF-8
Connection: keep-alive
Set-Cookie: zalb_a8c51ae498=68c13ef22bd92866bd3f2ca7be9dcb32; Path=/; Secure; HttpOnly
X-Content-Type-Options: nosniff
X-Frame-Options: SAMEORIGIN
Set-Cookie: JSESSIONID=C6A42A611F1C9284147DC83D09CD86B5; Path=/; Secure; HttpOnly
Location: https://billing.dmarcreport.com/SetupOrganization.do?
vary: accept-encoding
Strict-Transport-Security: max-age=64072000; includeSubDomains; preload
[0m
[0m$ [0mcurl -sI https://unsent.dev/ 2>&1 | head -20
HTTP/2 200 
date: Fri, 21 Aug 2026 19:16:55 GMT
content-type: text/html; charset=utf-8
content-length: 336242
vary: rsc, next-router-state-tree, next-router-prefetch, next-router-segment-prefetch, Accept-Encoding
x-nextjs-cache: HIT
x-nextjs-prerender: 1
x-nextjs-prerender: 1
x-nextjs-stale-time: 300
x-powered-by: Next.js
cache-control: s-maxage=31536000
etag: "j11renfog77fo"
[0m
[0m$ [0mcurl -sI https://status.duocircle.com/ 2>&1 | head -20
HTTP/1.1 400 
Server: ZGS
Date: Fri, 21 Aug 2026 19:16:55 GMT
Content-Type: text/html;charset=ISO-8859-1
Content-Length: 1352
Connection: keep-alive
Set-Cookie: zalb_28fc6058a7=94f330ed7cfe20fbb0cb495f2f5539a7; Path=/; Secure; HttpOnly
X-Content-Type-Options: nosniff
X-Frame-Options: SAMEORIGIN
Content-Language: en-US
Strict-Transport-Security: max-age=64072000; includeSubDomains; preload
[0m
[0m$ [0mcurl -sI https://phishprotection.com/ 2>&1 | head -20
HTTP/2 200 
accept-ranges: bytes
access-control-allow-origin: *
age: 396369
cache-control: public, max-age=0, must-revalidate, s-maxage=60
content-disposition: inline
content-security-policy: default-src 'self'; script-src 'self' 'unsafe-inline' https://www.googletagmanager.com https://www.google-analytics.com https://googleads.g.doubleclick.net https://www.googleadservices.com https://*.freshchat.com https://cloud.umami.is https://challenges.cloudflare.com https://*.elfsight.com https://elfsightcdn.com https://*.elfsightcdn.com https://*.clarity.ms https://insight.iljmp.com https://connect.facebook.net https://*.site24x7rum.eu https://salespanel.io https://*.g2.com https://*.g2crowd.com https://*.albacross.com https://*.zohopublic.com https://*.zohocdn.com https://static.cloudflareinsights.com; style-src 'self' 'unsafe-inline' https://fonts.googleapis.com https://*.elfsight.com https://elfsightcdn.com https://*.elfsightcdn.com https://*.freshchat.com https://*.zohocdn.com; img-src 'self' data: https:; font-src 'self' https://fonts.gstatic.com https://*.elfsight.com https://elfsightcdn.com https://*.elfsightcdn.com https://*.freshchat.com https://*.zohocdn.com; connect-src 'self' https://www.googletagmanager.com https://www.google-analytics.com https://region1.google-analytics.com https://googleads.g.doubleclick.net https://*.freshchat.com wss://*.freshchat.com https://dns.google https://cloud.umami.is https://api-gateway.umami.dev https://gateway.umami.is https://*.elfsight.com https://elfsightcdn.com https://*.elfsightcdn.com https://*.clarity.ms https://insight.iljmp.com https://pagead2.googlesyndication.com https://www.facebook.com https://*.site24x7rum.eu https://*.salespanel.io https://*.g2.com https://*.g2crowd.com https://*.albacross.com https://*.zohopublic.com wss://*.zohopublic.com; frame-src https://www.googletagmanager.com https://*.freshchat.com https://challenges.cloudflare.com https://*.elfsight.com https://elfsightcdn.com https://*.elfsightcdn.com https://*.zohopublic.com; frame-ancestors 'self'; object-src 'none'; base-uri 'self'; form-action 'self'; upgrade-insecure-requests
content-type: text/html; charset=utf-8
date: Fri, 21 Aug 2026 19:16:58 GMT
etag: "205e8633b0566b43d643a8b263b025d6"
last-modified: Mon, 17 Aug 2026 05:10:49 GMT
link: </index.md>; rel="alternate"; type="text/markdown", </.well-known/agent-skills/markdown-negotiation/SKILL.md>; rel="service-doc", </llms.txt>; rel="describedby"
permissions-policy: camera=(), microphone=(), geolocation=(), payment=()
referrer-policy: strict-origin-when-cross-origin
server: Vercel
strict-transport-security: max-age=63072000; includeSubDomains; preload
vary: accept
x-content-type-options: nosniff
x-frame-options: DENY
x-vercel-cache: HIT
[0m
[0m$ [0mcurl -sI https://outboundsmtp.com/ 2>&1 | head -20
HTTP/2 200 
date: Fri, 21 Aug 2026 19:16:58 GMT
content-type: text/html
cf-cache-status: HIT
cache-control: public, max-age=0, must-revalidate
etag: "20e7bd7db0759d0d3f1236aac8270252"
link: </index.md>; rel="alternate"; type="text/markdown", </.well-known/agent-skills/markdown-negotiation/SKILL.md>; rel="service-doc", </llms.txt>; rel="describedby"
strict-transport-security: max-age=63072000; includeSubDomains; preload
vary: accept
content-security-policy: default-src 'self'; script-src 'self' 'unsafe-inline' https://www.googletagmanager.com https://*.google-analytics.com https://googleads.g.doubleclick.net https://www.googleadservices.com https://*.freshchat.com https://*.umami.is https://challenges.cloudflare.com https://*.elfsight.com https://elfsightcdn.com https://*.elfsightcdn.com https://static.cloudflareinsights.com https://*.i.posthog.com; style-src 'self' 'unsafe-inline' https://fonts.googleapis.com https://*.elfsight.com https://elfsightcdn.com https://*.elfsightcdn.com https://*.freshchat.com; img-src 'self' data: https:; media-src 'self' https://media.mailhop.org; font-src 'self' https://fonts.gstatic.com https://*.elfsight.com https://elfsightcdn.com https://*.elfsightcdn.com https://*.freshchat.com; connect-src 'self' https://www.googletagmanager.com https://*.google-analytics.com https://googleads.g.doubleclick.net https://*.freshchat.com wss://*.freshchat.com https://dns.google https://*.umami.is https://api-gateway.umami.dev https://*.elfsight.com https://elfsightcdn.com https://*.elfsightcdn.com https://*.i.posthog.com; frame-src https://www.googletagmanager.com https://*.freshchat.com https://challenges.cloudflare.com https://*.elfsight.com https://elfsightcdn.com https://*.elfsightcdn.com; worker-src 'self' blob:; frame-ancestors 'self'; object-src 'none'; base-uri 'self'; form-action 'self'; upgrade-insecure-requests
permissions-policy: camera=(), microphone=(), geolocation=(), payment=()
referrer-policy: strict-origin-when-cross-origin
x-content-type-options: nosniff
x-frame-options: DENY
report-to: {"group":"cf-nel","max_age":604800,"endpoints":[{"url":"https://a.nel.cloudflare.com/report/v4?s=Bs7ewpz3Y%2Fj35D0SSsDx9gJYXklzArz5iF6wfBa%2FaJt8x51iNYjeXlnead%2BPTlq4qkDqJdmzJGx8xB7hye8EMY2PFvxDFtZHT1PikLwGFa05acjGVinlvkEc8ixyWyXfaHvb"}]}
nel: {"report_to":"cf-nel","success_fraction":0.0,"max_age":604800}
server: cloudflare
cf-ray: a2ebf9ab4d76c9a1-IAD
alt-svc: h3=":443"; ma=86400
[0m
[0m$ [0mcurl -sI https://mailflowmonitoring.com/ 2>&1 | head -20
HTTP/2 200 
date: Fri, 21 Aug 2026 19:16:59 GMT
content-type: text/html
cf-cache-status: HIT
cache-control: public, max-age=0, must-revalidate
etag: "ae1cdf7d65f051a4531153aa829927db"
link: </index.md>; rel="alternate"; type="text/markdown", </.well-known/agent-skills/markdown-negotiation/SKILL.md>; rel="service-doc", </llms.txt>; rel="describedby"
strict-transport-security: max-age=63072000; includeSubDomains; preload
vary: accept
content-security-policy: default-src 'self'; script-src 'self' 'unsafe-inline' https://www.googletagmanager.com https://*.google-analytics.com https://googleads.g.doubleclick.net https://www.googleadservices.com https://*.freshchat.com https://*.umami.is https://challenges.cloudflare.com https://*.elfsight.com https://elfsightcdn.com https://*.elfsightcdn.com https://static.cloudflareinsights.com https://*.i.posthog.com; style-src 'self' 'unsafe-inline' https://fonts.googleapis.com https://*.elfsight.com https://elfsightcdn.com https://*.elfsightcdn.com https://*.freshchat.com; img-src 'self' data: https:; media-src 'self' https://media.mailhop.org; font-src 'self' https://fonts.gstatic.com https://*.elfsight.com https://elfsightcdn.com https://*.elfsightcdn.com https://*.freshchat.com; connect-src 'self' https://www.googletagmanager.com https://*.google-analytics.com https://googleads.g.doubleclick.net https://*.freshchat.com wss://*.freshchat.com https://dns.google https://*.umami.is https://api-gateway.umami.dev https://*.elfsight.com https://elfsightcdn.com https://*.elfsightcdn.com https://*.i.posthog.com; frame-src https://www.googletagmanager.com https://*.freshchat.com https://challenges.cloudflare.com https://*.elfsight.com https://elfsightcdn.com https://*.elfsightcdn.com; worker-src 'self' blob:; frame-ancestors 'self'; object-src 'none'; base-uri 'self'; form-action 'self'; upgrade-insecure-requests
permissions-policy: camera=(), microphone=(), geolocation=(), payment=()
referrer-policy: strict-origin-when-cross-origin
x-content-type-options: nosniff
x-frame-options: DENY
report-to: {"group":"cf-nel","max_age":604800,"endpoints":[{"url":"https://a.nel.cloudflare.com/report/v4?s=HIV19xdjBnRe3yNN8zF5yBvEBQwqYX%2FXj4XdFUjsBwjQMRcDxfNFasG3zWL6e7o1GkgdixnhdskZ586Ky6syDCc41ibeb57PgGdtmJJlUGcd%2BOntI7C%2BW2GIFFu%2FCA7gLHQUF%2FK4lP9K"}]}
nel: {"report_to":"cf-nel","success_fraction":0.0,"max_age":604800}
server: cloudflare
cf-ray: a2ebf9ae2e1fe03a-IAD
alt-svc: h3=":443"; ma=86400
[0m
[0m$ [0mcurl -sI https://tenantmigration.com/ 2>&1 | head -20
HTTP/2 200 
date: Fri, 21 Aug 2026 19:16:59 GMT
content-type: text/html
cf-cache-status: HIT
cache-control: public, max-age=0, must-revalidate
etag: "2e3a228931f10cbe6092e68154307d26"
link: </index.md>; rel="alternate"; type="text/markdown", </.well-known/agent-skills/markdown-negotiation/SKILL.md>; rel="service-doc", </llms.txt>; rel="describedby"
strict-transport-security: max-age=63072000; includeSubDomains; preload
vary: accept
content-security-policy: default-src 'self'; script-src 'self' 'unsafe-inline' https://www.googletagmanager.com https://*.google-analytics.com https://googleads.g.doubleclick.net https://www.googleadservices.com https://*.freshchat.com https://*.umami.is https://challenges.cloudflare.com https://*.elfsight.com https://elfsightcdn.com https://*.elfsightcdn.com https://static.cloudflareinsights.com https://*.i.posthog.com; style-src 'self' 'unsafe-inline' https://fonts.googleapis.com https://*.elfsight.com https://elfsightcdn.com https://*.elfsightcdn.com https://*.freshchat.com; img-src 'self' data: https:; media-src 'self' https://media.mailhop.org; font-src 'self' https://fonts.gstatic.com https://*.elfsight.com https://elfsightcdn.com https://*.elfsightcdn.com https://*.freshchat.com; connect-src 'self' https://www.googletagmanager.com https://*.google-analytics.com https://googleads.g.doubleclick.net https://*.freshchat.com wss://*.freshchat.com https://dns.google https://*.umami.is https://api-gateway.umami.dev https://*.elfsight.com https://elfsightcdn.com https://*.elfsightcdn.com https://*.i.posthog.com; frame-src https://www.googletagmanager.com https://*.freshchat.com https://challenges.cloudflare.com https://*.elfsight.com https://elfsightcdn.com https://*.elfsightcdn.com; worker-src 'self' blob:; frame-ancestors 'self'; object-src 'none'; base-uri 'self'; form-action 'self'; upgrade-insecure-requests
permissions-policy: camera=(), microphone=(), geolocation=(), payment=()
referrer-policy: strict-origin-when-cross-origin
x-content-type-options: nosniff
x-frame-options: DENY
report-to: {"group":"cf-nel","max_age":604800,"endpoints":[{"url":"https://a.nel.cloudflare.com/report/v4?s=v2JUp1GGg4OpdYobFzlOn7CuQzst8Yivh%2FzPSSyIYmLZRk1NWRSQnm5wyZ%2FXYrF%2BPOHCXgMRDAqTmWgloMgYOuGVIgUVuZ4nyVw1IoJluwaRzFreHm7Tf1G9bUAQW2Ju9uZFLBPk"}]}
nel: {"report_to":"cf-nel","success_fraction":0.0,"max_age":604800}
server: cloudflare
cf-ray: a2ebf9b0a86d1753-IAD
alt-svc: h3=":443"; ma=86400
[0m
[0m$ [0mcurl -s https://www.duocircle.com/llms.txt 2>&1 | head -80
# DuoCircle

> DuoCircle is a portfolio of specialized email products covering protection, authentication, delivery, and routing.
> We deliver about 90% of category-leader capability at roughly half the price, backed by experts who own the outcome.
> Trusted by 50,000+ organizations since 2014.
## Authenticate

- [SPF Management](https://www.duocircle.com/email/spf-management/)
- [DMARC Reporting](https://www.duocircle.com/email/dmarc/)
- [Mail Flow Monitoring](https://www.duocircle.com/email/mail-flow-monitoring/)
- [All Authentication Products](https://www.duocircle.com/products/authenticate/)

## Protect

- [Phishing Protection](https://www.duocircle.com/email/phishing-protection/)
- [Spam Filtering](https://www.duocircle.com/email/spam-filtering/)
- [Lotus Notes Email Security](https://www.duocircle.com/email/lotus-notes-email-security/)
- [All Protection Products](https://www.duocircle.com/products/protect/)

## Deliver

- [Outbound SMTP](https://www.duocircle.com/email/outbound-smtp/)
- [Developer Email API](https://www.duocircle.com/email/developer-email-api/)
- [Inbox Placement Testing](https://www.duocircle.com/email/inbox-placement-testing/)
- [Cold Email Outreach](https://www.duocircle.com/email/cold-email-outreach/)
- [All Delivery Products](https://www.duocircle.com/products/deliver/)

## Route

- [Alumni Forwarding](https://www.duocircle.com/email/alumni-forwarding/)
- [Tenant Migration](https://www.duocircle.com/email/tenant-migration/)
- [Email Forwarding](https://www.duocircle.com/email/email-forwarding/)
- [Backup MX](https://www.duocircle.com/email/email-backup-mx/)
- [All Routing Products](https://www.duocircle.com/products/route/)

## Pages

- [Home](https://www.duocircle.com/)
- [Compare](https://www.duocircle.com/compare/)
- [Customers](https://www.duocircle.com/case-study/)
- [Partners](https://www.duocircle.com/partners/)

## Resources

- [Resources](https://www.duocircle.com/resources/)
- [About](https://www.duocircle.com/about-us/)
- [Contact](https://www.duocircle.com/contact/)
- [Legal](https://www.duocircle.com/legal/)
- [Transparent Pricing](https://www.duocircle.com/transparent-pricing/)
- [Trust Center](https://trust.duocircle.com/)
- [Status](https://status.duocircle.com)

## Blog

### Foundational

- [How SOA Records Support Reliable DNS Zone Transfers](https://www.duocircle.com/blog/how-soa-records-support-reliable-dns-zone-transfers/): Discover how SOA records support reliable DNS zone transfers by coordinating DNS updates, synchronization, refresh intervals, retries, and server communication.
- [How to Secure Business Communications on Public Wi-Fi](https://www.duocircle.com/blog/how-to-secure-business-communications-on-public-wi-fi/): Protect sensitive business communications on public Wi-Fi with practical security strategies that reduce cyber risks, data breaches, and unauthorized access.
- [CNAME vs. A Record: Understanding the Right DNS Choice](https://www.duocircle.com/blog/cname-vs-a-record-understanding-the-right-dns-choice/): Learn the key differences between CNAME and A records, their uses, limitations, and how to choose the right DNS record for your domain.
- [Email Downtime Detection: From Detection To Faster Recovery](https://www.duocircle.com/blog/email-downtime-detection-from-detection-to-faster-recovery/): Learn how email downtime detection identifies outages early, speeds up response, and helps organizations restore email services faster with less disruption.
- [What Is Piggybacking in Cybersecurity? Types, Risks, Real-World Examples, and Prevention](https://www.duocircle.com/blog/what-is-piggybacking-in-cybersecurity-types-risks-prevention-guide/): Learn what piggybacking in cybersecurity means, its types, risks, real-world examples, and prevention strategies to protect against unauthorized access.
- [GDPR Consent Emails For B2B Marketing What You Need To Know ](https://www.duocircle.com/blog/gdpr-consent-emails-b2b-marketing-what-you-need-to-know/): Learn what GDPR consent emails for B2B marketing require, how to stay compliant, avoid common mistakes, and build trust while improving email engagement.
- [No DMARC Record Found: What It Means, Why It Matters, and How to Fix It](https://www.duocircle.com/blog/no-dmarc-record-found-meaning-risks-how-to-fix/): No DMARC record found? Learn what it means, why it puts your domain at risk, and how to create, verify, and manage a DMARC record to stop spoofing.
- [Honey Trap Scams: How Cybercriminals Exploit Trust and How to Avoid Them](https://www.duocircle.com/blog/honey-trap-scams-how-cybercriminals-exploit-trust-and-avoid-them/): Learn how honey trap scams exploit trust through romance and social engineering.
- [How Microsoft 365 Accounts Become Targets For Credential Harvesting Attacks](https://www.duocircle.com/blog/how-microsoft-365-accounts-become-targets-for-credential-harvesting-attacks/): Learn how Microsoft 365 accounts become targets for credential harvesting attacks, common tactics used by cybercriminals, and best practices to stay protected.
- [What Is Ping Spoofing? Understanding How It Works and How to Prevent It](https://www.duocircle.com/blog/what-is-ping-spoofing-and-how-to-prevent-it/): Learn what ping spoofing is, how attackers use ICMP spoofing, the risks it creates, and practical steps to detect and prevent network security threats.

### Intermediate

- [Exchange Sever DKIM Troubleshooting for Large Email Message](https://www.duocircle.com/blog/exchange-sever-dkim-troubleshooting-for-large-email-message/): Learn how to troubleshoot DKIM failures in Exchange Server for large email messages, identify common causes, and restore reliable email authentication.
- [How to Audit Your Email Deliverability Before Launching a Campaign](https://www.duocircle.com/blog/how-to-audit-your-email-deliverability-before-launching-a-campaign/): Audit your email deliverability before launching a campaign to improve inbox placement, avoid spam filters, and maximize open rates and engagement.
- [Session Hijacking Via Email Attack Methods And Warning Signs](https://www.duocircle.com/blog/session-hijacking-via-email-attack-methods-and-warning-signs/): Learn common session hijacking via email attack methods, warning signs, and practical tips to detect threats early and protect your accounts from attackers.
- [9 Ways AI and Automation Improve Email Queue Management](https://www.duocircle.com/blog/9-ways-ai-and-automation-improve-email-queue-management/): Discover 9 ways AI and automation improve email queue management by reducing delays, prioritizing messages, optimizing delivery, and boosting email performance.
- [How OAuth 2.0 Is Changing SMTP Relay Authentication](https://www.duocircle.com/blog/how-oauth-2-0-is-changing-smtp-relay-authentication/): Learn how OAuth 2.0 is transforming SMTP relay authentication with secure, token-based access, stronger email security, and reduced reliance on passwords.
- [Why Email Authentication Alone Doesn't Stop Gmail Threats](https://www.duocircle.com/blog/why-email-authentication-alone-doesn-t-stop-gmail-threats/): Email authentication helps verify senders, but Gmail threats can still exploit compromised accounts, malicious links, and social engineering to reach inboxes.
- [Proven Methods for Corporate Email Cybersecurity Setup](https://www.duocircle.com/blog/proven-methods-for-corporate-email-cybersecurity-setup/): Strengthen corporate email cybersecurity with SPF, DKIM, DMARC, TLS, and monitoring to prevent spoofing, improve deliverability, and protect your brand.
- [Common Email Throttling Mistakes That Lead to Deferred or Rejected Emails ](https://www.duocircle.com/blog/common-email-throttling-mistakes-that-lead-deferred-or-rejected-emails/): Avoid common email throttling mistakes that cause deferred or rejected emails. Learn proven strategies to improve email deliverability and sending success.
- [12 Ways To Maintain Email Deliverability After Completing Email Warm-Up](https://www.duocircle.com/blog/12-ways-maintain-email-deliverability-after-completing-email-warm-up/): Learn 12 proven ways to maintain email deliverability after completing email warm-up, improve inbox placement, protect sender reputation, and boost engagement.
- [10 Email Retention Strategies For Managing High-Volume Mailboxes](https://www.duocircle.com/blog/10-email-retention-strategies-for-managing-high-volume-mailboxes/): Discover 10 email retention strategies for managing high-volume mailboxes, improving compliance, reducing storage costs, and strengthening email security.
[0m
[0m$ [0mcurl -s https://api.dmarcreport.com/ 2>&1 | head -30
{"status":"up"}
[0m
Now I have enough data. Let me also quickly check the dmarcreport.com API for any new endpoints.
Now I have comprehensive recon data. Let me compile the structured output.

---

## STEP 1 — DELTA

[CHANGED] phishprotection.com, outboundsmtp.com, mailflowmonitoring.com, tenantmigration.com: all serve markdown content-negotiation surfaces (link headers advertising `/index.md`, `SKILL.md`, `/llms.txt`) — previously only www.duocircle.com was flagged for this
[NEW] api.autospf.com CSP reveals Stripe billing integration (`connect-js.stripe.com`, `js.stripe.com` in frame-src/connect-src) and references `billing.autospf.com` in form-action — billing subdomain not previously inventoried
[NEW] api.dmarcreport.com health endpoint: `GET /` returns `{"status":"up"}` — confirms Rails API is live at root
[CHANGED] api.dmarcreport.com sets `_dmarc_reporter_session` cookie with `SameSite=Lax` (confirmed live) — CSRF posture differs from api.autospf.com's `SameSite=none`

---

## STEP 2 — PRIORITIZE

[PRIO] api.dmarcreport.com, 8.6, attack=9 business=9 tech=8 gate=8 cloud=9 fresh=8
[PRIO] api.autospf.com, 8.3, attack=8 business=8 tech=9 gate=7 cloud=8 fresh=8
[PRIO] billing.autospf.com (NEW), 7.5, attack=7 business=8 tech=8 gate=5 cloud=8 fresh=8
[PRIO] dmarcreport.com API (documented endpoints), 7.2, attack=7 business=8 tech=7 gate=4 cloud=7 fresh=8
[PRIO] support.dmarcreport.com, 6.8, attack=6 business=6 tech=6 gate=8 cloud=5 fresh=7
[PRIO] product-marketing-domains (phishprotection/outboundsmtp/mailflowmonitoring/tenantmigration), 5.5, attack=5 business=5 tech=3 gate=9 cloud=3 fresh=7
[PRIO] unsent.dev, 5.2, attack=5 business=5 tech=6 gate=7 cloud=7 fresh=5

---

## STEP 3 — HYPOTHESES

[HYP] Cross-tenant DMARC report access via predictable API endpoints
class: IDOR
asset: api.dmarcreport.com
confidence: 75
reasoning: Multi-tenant DMARC SaaS with session-based auth (_dmarc_reporter_session cookie, SameSite=Lax); documented REST API covers per-customer domains, aggregate reports, forensic reports, MTA-STS; MCP client (dmarcreport-mcp) documents full passthrough; report/domain object IDs are classic weak point.
evidence_needed: HTTP 200 response from session A returning tenant B's domain/report object (or proof every lookup re-validates ownership).
verify_steps: PASSIVE: enumerate exact API paths from dmarcreport-mcp source (already read); AUTH_HELPED: register two trial accounts, use token A to request own objects vs. tenant B's domain/report identifiers (GET only, ≤1 rps), diff responses.
impact: Cross-tenant read of customer DMARC/forensic data (sending infrastructure, internal hosts) — HIGH severity.
testability: AUTH_HELPED

[HYP] CSRF on AutoSPF API state-changing endpoints via SameSite=none cookies
class: AUTH
asset: api.autospf.com
confidence: 72
reasoning: Laravel API sets XSRF-TOKEN and session cookies with SameSite=none; Secure; cross-site cookies enable CSRF if no CSRF token validation on state-changing endpoints; CSP reveals Stripe billing integration and billing.autospf.com — payment/billing endpoints may bypass standard CSRF checks.
evidence_needed: State-changing endpoint (POST/PUT/DELETE) that accepts cookie auth without X-XSRF-TOKEN header verification; or billing endpoint (billing.autospf.com) with weak CSRF.
verify_steps: AUTH_HELPED: GET /login to obtain cookies; POST /api/flatten or /api/records with cookie-only auth (no X-XSRF-TOKEN header); check if action succeeds; also probe billing.autospf.com for CSRF on payment endpoints.
impact: Unauthorized SPF record modifications, domain delegation changes, billing tampering — HIGH severity.
testability: AUTH_HELPED

[HYP] Support-desk ticket/article/attachment access-control gap
class: IDOR
asset: support.dmarcreport.com
confidence: 50
reasoning: Freshdesk-hosted support desk serving sequential KB IDs (…/solutions/articles/5000873350); Freshdesk is third-party but ACL defaults may be permissive; adjacent ticket/attachment resources could be exposed if ACL not properly configured.
evidence_needed: One resource (ticket body/attachment) retrievable without an owning session, or vendor banner enabling targeted known-CVE checks.
verify_steps: PASSIVE: fingerprint vendor from HTML/meta; probe public search/list endpoints and HEAD adjacent article IDs for ACL uniformity (≤1 rps).
impact: Exposure of other customers' tickets (domains, mail configs, token snippets) — MEDIUM severity.
testability: PASSIVE

---

## STEP 4 — SELF-CRITIQUE

[PARKED] Support-desk ticket/article/attachment access-control gap: confidence 50 < 60 threshold; Freshdesk is third-party vendor (limits direct exploitability of DuoCircle code); verify_steps rely on vendor behavior not DuoCircle configuration.

[FINAL] 1. Cross-tenant DMARC report access via predictable API endpoints (api.dmarcreport.com, IDOR, 75%)
[FINAL] 2. CSRF on AutoSPF API state-changing endpoints via SameSite=none cookies (api.autospf.com, AUTH, 72%)

---

## STEP 5 — NEXT ACTION

[NEXT] PROBE: GET https://api.dmarcreport.com/api/v1/domains (no auth, expect 401), then GET https://api.dmarcreport.com/api/v1/reports (no auth, expect 401), then GET https://api.dmarcreport.com/api/v1/users/me (no auth, expect 401) — map API structure and confirm auth enforcement before attempting authenticated tests

---

## STEP 6 — LEARNING

[LEARN] ACCEPTED IDOR @ api.dmarcreport.com: Multi-tenant DMARC SaaS with session auth is high-value target for cross-tenant data access
[LEARN] ACCEPTED AUTH @ api.autospf.com: Laravel API with SameSite=none cookies presents CSRF risk on state-changing endpoints
[LEARN] REJECTED AUTH @ account.duocircle.com: WorkOS AuthKit is third-party; auth flaws would be WorkOS responsibility, not DuoCircle direct code

---

## STEP 7 — RISK SCORE

[RISK] duocircle.com: 70/100 — Main corporate site on Vercel with strict CSP/HSTS/XFO, but auth/account subdomains on WorkOS, trust portal with PostHog analytics, and markdown content-negotiation surfaces across all product domains; attack surface moderate with diverse third-party integrations (Freshchat, Elfsight, Zoho, Clarity, SalesPanel, G2)
[RISK] product-domains (autospf/dmarcreport/phishprotection/outboundsmtp/etc): 82/100 — Multiple APIs (Rails, Laravel, Next.js) with session/token auth, cross-site cookies on api.autospf.com, multi-tenant data, Stripe billing integration, documented REST API; high business value; diverse tech stack increases exposure; Freshdesk support desk adds third-party attack surface
[RISK] github.com/duocircle repos: 52/100 — 13 public repos including stale unarchived PHP (phishredirector, 2021), active MCP servers (dmarcreport-mcp, youtrack-mcp hinting at internal YouTrack); no secrets found in repo scan; source surface limited to MCP servers and utilities
===== ANALYST mimo 2026-08-21 19:45:35 UTC =====
[0m
> build · mimo-v2.5-free
[0m
[0m# [0mTodos
[•] STEP 1 — DELTA: Compare inventory + knowledge + last leads against current surface
[ ] STEP 2 — PRIORITIZE: Score top assets on 6 axes, emit [PRIO] lines
[ ] STEP 3 — HYPOTHESES: Emit up to 3 hypotheses for top assets
[ ] STEP 4 — SELF-CRITIQUE: Drop weak hypotheses, emit [PARKED] and [FINAL]
[ ] STEP 5 — NEXT ACTION: Choose one concrete next step
[ ] STEP 6 — LEARNING: Emit [LEARN] lines for proven dead/alive classes
[ ] STEP 7 — RISK SCORE: Emit [RISK] scores for program surfaces
[0m
[0m✱ [0mGlob "reports/**/*"[90m 14 matches[0m
[0m
[0m$ [0mls -la
total 100
drwxr-xr-x 11 runner runner  4096 Aug 21 19:43 .
drwxr-xr-x  3 runner runner  4096 Aug 21 19:43 ..
drwxr-xr-x  7 runner runner  4096 Aug 21 19:43 .git
drwxr-xr-x  3 runner runner  4096 Aug 21 19:43 .github
-rw-r--r--  1 runner runner  1383 Aug 21 19:43 README.md
-rw-r--r--  1 runner runner   616 Aug 21 19:43 analyst-out.txt
-rw-r--r--  1 runner runner 19876 Aug 21 19:43 analyst-prompt.txt
-rw-r--r--  1 runner runner 16130 Aug 21 19:43 ctx.txt
drwxr-xr-x  2 runner runner  4096 Aug 21 19:43 inventory
drwxr-xr-x  2 runner runner  4096 Aug 21 19:43 knowledge
drwxr-xr-x  2 runner runner  4096 Aug 21 19:43 leads
-rw-r--r--  1 runner runner   643 Aug 21 19:43 probe-results.md
drwxr-xr-x  2 runner runner  4096 Aug 21 19:43 reports
drwxr-xr-x  4 runner runner  4096 Aug 21 19:43 reposcan-raw
-rw-r--r--  1 runner runner  2491 Aug 21 19:43 scope.yml
drwxr-xr-x  2 runner runner  4096 Aug 21 19:43 scripts
-rw-r--r--  1 runner runner    33 Aug 21 19:43 state_mimo.json
drwxr-xr-x  2 runner runner  4096 Aug 21 19:43 triage
[0m
[0m% [0mWebFetch https://www.duocircle.com/llms.txt
Let me first check the current workspace state and run passive probes to establish the latest surface.
[0m% [0mWebFetch https://api.dmarcreport.com/
[0m→ [0mRead inventory
[0m→ [0mRead knowledge
[0m→ [0mRead leads
[0m→ [0mRead probe-results.md
[0m→ [0mRead inventory/duocircle.md
[0m→ [0mRead knowledge/index.md
[0m→ [0mRead leads/lead-mimo.md
[0m→ [0mRead leads/reposcan-latest.md
[0m✗ [0mWebFetch https://api.dmarcreport.com/api/v1/domains failed
[91m[1mError: [0mStatusCode: non 2xx status code (404 GET https://api.dmarcreport.com/api/v1/domains)
[0m✗ [0mWebFetch https://api.dmarcreport.com/api/v1/reports failed
[91m[1mError: [0mStatusCode: non 2xx status code (404 GET https://api.dmarcreport.com/api/v1/reports)
[0m% [0mWebFetch https://billing.autospf.com
[0m% [0mWebFetch https://api.autospf.com/
Now let me run passive probes to identify new/changed surface items.
[0m% [0mWebFetch https://dmarcreport.com
[0m% [0mWebFetch https://docs.dmarcreport.com/
[0m% [0mWebFetch https://autospf.com
[0m% [0mWebFetch https://app.dmarcreport.com/signup?plan=free
[0m
[0m# [0mTodos
[✓] STEP 1 — DELTA: Compare inventory + knowledge + last leads against current surface
[•] STEP 2 — PRIORITIZE: Score top assets on 6 axes, emit [PRIO] lines
[ ] STEP 3 — HYPOTHESES: Emit up to 3 hypotheses for top assets
[ ] STEP 4 — SELF-CRITIQUE: Drop weak hypotheses, emit [PARKED] and [FINAL]
[ ] STEP 5 — NEXT ACTION: Choose one concrete next step
[ ] STEP 6 — LEARNING: Emit [LEARN] lines for proven dead/alive classes
[ ] STEP 7 — RISK SCORE: Emit [RISK] scores for program surfaces
[0m
[0m% [0mWebFetch https://billing.autospf.com
[0m✗ [0mWebFetch https://api.dmarcreport.com/v2/accounts failed
[91m[1mError: [0mStatusCode: non 2xx status code (401 GET https://api.dmarcreport.com/v2/accounts)
Let me confirm a couple more details before emitting the analysis.
[0m% [0mWebFetch https://dmarcreport.com/tools/dmarc-checker/
Now I have all the data needed. Here is the complete analysis:

---

## STEP 1 — DELTA

```
[NEW] docs.dmarcreport.com — full API v2 documentation live; reveals token auth (Authorization: Token token=<token>), predictable integer IDs (accounts/:id, domains/:id, agg_reports/:id), and endpoints including /v2/all_domains.json, /v2/postmaster_account_records.json, /v2/email_tests
[CHANGED] api.dmarcreport.com — v1 endpoints (/api/v1/*) return 404; actual API is /v2/* with token auth (not session); GET /v2/accounts returns 401 (auth enforced)
[NEW] app.dmarcreport.com/signup — live signup page with SOC-2 badge, free plan (1 domain, 10K reports)
[NEW] billing.autospf.com — empty response body (status unknown), referenced in api.autospf.com CSP form-action
[CHANGED] api.autospf.com — confirmed Laravel login page (Welcome back, Sign in with Google/Microsoft/SSO)
```

## STEP 2 — PRIORITIZE

```
[PRIO] api.dmarcreport.com (v2 API), 8.8, attack=9 business=9 tech=9 gate=7 cloud=9 fresh=9
[PRIO] api.autospf.com, 8.3, attack=8 business=8 tech=9 gate=7 cloud=8 fresh=8
[PRIO] billing.autospf.com (NEW), 7.5, attack=7 business=8 tech=8 gate=5 cloud=8 fresh=8
[PRIO] docs.dmarcreport.com (NEW), 7.0, attack=6 business=7 tech=8 gate=9 cloud=5 fresh=9
[PRIO] app.dmarcreport.com/signup, 6.5, attack=6 business=7 tech=6 gate=8 cloud=6 fresh=8
[PRIO] support.dmarcreport.com, 5.8, attack=5 business=5 tech=5 gate=8 cloud=4 fresh=6
```

## STEP 3 — HYPOTHESES

```
[HYP] IDOR on DMARC Report v2 API — cross-tenant domain/report access via predictable integer IDs
class: IDOR
asset: api.dmarcreport.com/v2
confidence: 78
reasoning: API uses sequential integer IDs for accounts, domains, agg_reports, forensic_reports, mta_sts_reports (all documented at docs.dmarcreport.com). Token auth is per-account (Authorization: Token token=<token>) but /v2/all_domains.json endpoint lists ALL domains — question is whether token scope is enforced per-endpoint or only at account level. If token A can access /v2/accounts/<account_B_id>/domains/<domain_B_id>/agg_reports.json, cross-tenant data leak is confirmed. MCP client (dmarcreport-mcp) documents full passthrough with no ownership validation mentioned.
evidence_needed: HTTP 200 from token A requesting account B's domain/report objects; or 403/401 proving per-resource validation.
verify_steps: AUTH_HELPED: register two free trial accounts (token_A, token_B); GET /v2/accounts with token_A → extract account_A_id; GET /v2/accounts with token_B → extract account_B_id; GET /v2/accounts/<account_B_id>/domains.json with token_A; GET /v2/accounts/<account_B_id>/domains/1/agg_reports.json with token_A. Diff responses.
impact: Cross-tenant read of DMARC aggregate/forensic reports (sender IPs, authentication results, domain configs) — HIGH severity.
testability: AUTH_HELPED
[HYP] CSRF on AutoSPF API billing endpoints via SameSite=none cookies
class: AUTH
asset: api.autospf.com / billing.autospf.com
confidence: 70
reasoning: Laravel API sets XSRF-TOKEN and session cookies with SameSite=none; CSP references billing.autospf.com in form-action; Stripe integration (connect-js.stripe.com, js.stripe.com) on api.autospf.com. Billing endpoints may have different CSRF protections than core API. billing.autospf.com returned empty body (status unknown) — may be Stripe-redirect or separate payment flow.
evidence_needed: State-changing endpoint on api.autospf.com accepting cookie auth without X-XSRF-TOKEN; or billing.autospf.com payment flow without CSRF token.
verify_steps: AUTH_HELPED: GET /login on api.autospf.com to obtain cookies; POST /api/flatten or /api/records with cookie-only auth (no X-XSRF-TOKEN header); check if action succeeds. HEAD billing.autospf.com to determine status.
impact: Unauthorized SPF record modifications, domain delegation changes, billing tampering — HIGH severity.
testability: AUTH_HELPED
[HYP] IDOR on DMARC Report v2 API — postmaster account records cross-tenant access
class: IDOR
asset: api.dmarcreport.com/v2/postmaster_account_records
confidence: 68
reasoning: /v2/postmaster_account_records.json and /v2/postmaster_account_records/:id.json endpoints exist (documented). Postmaster accounts are external mailbox providers (Google, Microsoft) — cross-tenant access would reveal other customers' mailbox provider connections and aggregate data. Endpoint may not enforce token-account binding.
evidence_needed: HTTP 200 from token A requesting postmaster_account_records for account B; or proof of ownership validation.
verify_steps: AUTH_HELPED: same two-account setup as HYP 1; GET /v2/postmaster_account_records.json with token_A (should return only A's data); GET /v2/postmaster_account_records/<id_from_B>.json with token_A.
impact: Cross-tenant read of mailbox provider connections and email metadata — MEDIUM-HIGH severity.
testability: AUTH_HELPED
```

## STEP 4 — SELF-CRITIQUE

```
[PARKED] billing.autospf.com CSRF: confidence 70 > 40, but billing.autospf.com returned empty body (status unknown); cannot confirm the subdomain is active or has CSRF-relevant endpoints. Park until status confirmed.
[PARKED] postmaster_account_records IDOR: confidence 68 — lower than primary IDOR hypothesis (78); same attack path but narrower data scope. Merged into primary IDOR hypothesis as secondary verification target.

[FINAL] 1. IDOR on DMARC Report v2 API — cross-tenant domain/report access via predictable integer IDs (api.dmarcreport.com/v2, IDOR, 78%)
[FINAL] 2. CSRF on AutoSPF API state-changing endpoints via SameSite=none cookies (api.autospf.com, AUTH, 70%)
```

## STEP 5 — NEXT ACTION

```
[NEXT] PROBE: GET https://docs.dmarcreport.com/ — parse full API endpoint list; GET https://api.dmarcreport.com/v2/all_domains.json (no auth, expect 401); GET https://api.dmarcreport.com/v2/postmaster_account_records.json (no auth, expect 401); GET https://billing.autospf.com with HEAD to determine HTTP status — map complete attack surface before authenticated testing
```

## STEP 6 — LEARNING

```
[LEARN] ACCEPTED IDOR @ api.dmarcreport.com: v2 API with predictable integer IDs, token auth, and documented cross-resource endpoints (/v2/all_domains.json, /v2/postmaster_account_records) — high-confidence IDOR target
[LEARN] ACCEPTED AUTH @ api.autospf.com: Laravel login page confirmed, SameSite=none cookies, Stripe billing integration — CSRF risk confirmed
[LEARN] REJECTED AUTH @ account.duocircle.com: WorkOS AuthKit is third-party; auth flaws would be WorkOS responsibility
```

## STEP 7 — RISK SCORE

```
[RISK] duocircle.com: 72/100 — Main corporate site on Vercel with strict CSP/HSTS/XFO; auth on WorkOS (third-party); markdown content-negotiation surfaces across all product domains; 1349 blog posts with diverse third-party embeds (Freshchat, Elfsight, Zoho, Clarity, SalesPanel, G2); attack surface moderate with diverse integrations
[RISK] product-domains (autospf/dmarcreport/phishprotection/outboundsmtp/etc): 85/100 — Multiple APIs (Rails v2, Laravel, Next.js) with token/session auth; predictable integer IDs on DMARC Report API; cross-site cookies on api.autospf.com; multi-tenant data (DMARC reports, SPF records); Stripe billing integration; SOC-2 certified; documented REST API with full CRUD; Freshdesk support desk; HIGH business value; diverse tech stack increases exposure
[RISK] github.com/duocircle repos: 50/100 — 13 public repos including stale unarchived PHP (phishredirector, 2021), active MCP servers (dmarcreport-mcp, youtrack-mcp hinting at internal YouTrack); no secrets found in repo scan; source surface limited to MCP servers and utilities; test tokens are placeholder values only
```
===== ANALYST mimo 2026-08-21 20:03:54 UTC =====
[0m
> build · mimo-v2.5-free
[0m
[0m# [0mTodos
[✓] STEP 1 — DELTA: Identify new/changed surface items
[✓] STEP 2 — PRIORITIZE: Score top assets on 6 axes
[✓] STEP 3 — HYPOTHESES: Emit top 3 hypotheses
[✓] STEP 4 — SELF-CRITIQUE: Drop weak, emit FINAL
[•] STEP 5 — NEXT ACTION: Choose concrete probe
[ ] STEP 6 — LEARNING: Emit class status
[ ] STEP 7 — RISK SCORE: Emit risk scores
[0m
[0m% [0mWebFetch https://docs.dmarcreport.com/
[0m
[0m$ [0mcurl -s -o /dev/null -w "%{http_code}" https://api.dmarcreport.com/v2/all_domains.json 2>/dev/null
401
[0m
[0m$ [0mcurl -s -o /dev/null -w "%{http_code}" https://api.dmarcreport.com/v2/postmaster_account_records.json 2>/dev/null
401
[0m
Let me execute passive probes on the new surfaces before finalizing my analysis.
[0m$ [0mcurl -s -I https://billing.autospf.com 2>/dev/null | head -20
HTTP/1.1 302 
Server: ZGS
Date: Fri, 21 Aug 2026 20:02:15 GMT
Content-Type: text/html;charset=UTF-8
Connection: keep-alive
Set-Cookie: zalb_a8c51ae498=68c13ef22bd92866bd3f2ca7be9dcb32; Path=/; Secure; HttpOnly
X-Content-Type-Options: nosniff
X-Frame-Options: SAMEORIGIN
Set-Cookie: JSESSIONID=E7EBFD4233AAC08DFCD7AE6D3678FE94; Path=/; Secure; HttpOnly
Location: https://billing.autospf.com/SetupOrganization.do?
vary: accept-encoding
Strict-Transport-Security: max-age=64072000; includeSubDomains; preload
[0m
[0m# [0mTodos
[✓] STEP 1 — DELTA: Identify new/changed surface items
[✓] STEP 2 — PRIORITIZE: Score top assets on 6 axes
[✓] STEP 3 — HYPOTHESES: Emit top 3 hypotheses
[✓] STEP 4 — SELF-CRITIQUE: Drop weak, emit FINAL
[✓] STEP 5 — NEXT ACTION: Choose concrete probe
[•] STEP 6 — LEARNING: Emit class status
[ ] STEP 7 — RISK SCORE: Emit risk scores
[0m
[0m% [0mWebFetch https://docs.dmarcreport.com/api/2.0/accounts/index.html
Now let me check the docs API v2 page for any additional detail:
[0m% [0mWebFetch https://docs.dmarcreport.com/api/2.0/domains/all_domains.html
Now I have all the data needed. Here is the structured analysis:

---

**STEP 1 — DELTA**

[NEW] docs.dmarcreport.com — full API v2 documentation live; reveals token auth (`Authorization: Token token=<token>`), predictable integer IDs (accounts/:id, domains/:id, agg_reports/:id), and endpoints including `/v2/all_domains.json`, `/v2/postmaster_account_records.json`
[CHANGED] api.dmarcreport.com — v1 endpoints (`/api/v1/*`) return 404; actual API is `/v2/*` with token auth (not session); GET `/v2/all_domains.json` returns 401 (auth enforced)
[NEW] app.dmarcreport.com/signup — live signup page with SOC-2 badge, free plan (1 domain, 10K reports)
[NEW] billing.autospf.com — Zoho billing portal (JSESSIONID, 302→`/SetupOrganization.do`), not empty; HSTS with includeSubDomains
[CHANGED] api.autospf.com — confirmed Laravel login page (Welcome back, Sign in with Google/Microsoft/SSO)
[CHANGED] api.dmarcreport.com — `/v2/accounts` example shows sequential IDs (1462, 1473, 1487, 1488); `/v2/all_domains.json` example shows domain IDs (2503, 2593, 2596); API supports both numeric ID and slug in URL params

**STEP 2 — PRIORITIZE**

[PRIO] api.dmarcreport.com, 8.8, attack=9 business=9 tech=9 gate=7 cloud=9 fresh=9
[PRIO] api.autospf.com, 8.3, attack=8 business=8 tech=9 gate=7 cloud=8 fresh=8
[PRIO] billing.autospf.com, 7.5, attack=7 business=8 tech=8 gate=5 cloud=8 fresh=8
[PRIO] docs.dmarcreport.com, 7.0, attack=6 business=7 tech=8 gate=9 cloud=5 fresh=9
[PRIO] app.dmarcreport.com/signup, 6.5, attack=6 business=7 tech=6 gate=8 cloud=6 fresh=8
[PRIO] support.dmarcreport.com, 5.8, attack=5 business=5 tech=5 gate=8 cloud=4 fresh=6

**STEP 3 — HYPOTHESES**

[HYP] IDOR on DMARC Report v2 API — cross-tenant domain/report access via predictable integer IDs
class: IDOR
asset: api.dmarcreport.com/v2
confidence: 80
reasoning: API uses sequential integer IDs for accounts (1462, 1473, 1487, 1488), domains
Your analysis is solid but incomplete (cut off at HYP 3). Here's the completed output:

---

**STEP 1 — DELTA**

[NEW] docs.dmarcreport.com — full API v2 documentation live; reveals token auth (`Authorization: Token token=<token>`), predictable integer IDs (accounts/:id, domains/:id, agg_reports/:id), and endpoints including `/v2/all_domains.json`, `/v2/postmaster_account_records.json`
[CHANGED] api.dmarcreport.com — v1 endpoints (`/api/v1/*`) return 404; actual API is `/v2/*` with token auth (not session); GET `/v2/all_domains.json` returns 401 (auth enforced)
[NEW] app.dmarcreport.com/signup — live signup page with SOC-2 badge, free plan (1 domain, 10K reports)
[NEW] billing.autospf.com — Zoho billing portal (JSESSIONID, 302→`/SetupOrganization.do`); HSTS with includeSubDomains; NOT empty as previously assumed
[CHANGED] api.autospf.com — confirmed Laravel login page (Welcome back, Sign in with Google/Microsoft/SSO)
[CHANGED] api.dmarcreport.com — `/v2/accounts` example shows sequential IDs (1462, 1473, 1487, 1488); `/v2/all_domains.json` example shows domain IDs (2503, 2593, 2596); API supports both numeric ID and slug in URL params

**STEP 2 — PRIORITIZE**

[PRIO] api.dmarcreport.com, 8.8, attack=9 business=9 tech=9 gate=7 cloud=9 fresh=9
[PRIO] api.autospf.com, 8.3, attack=8 business=8 tech=9 gate=7 cloud=8 fresh=8
[PRIO] billing.autospf.com, 7.5, attack=7 business=8 tech=8 gate=5 cloud=8 fresh=8
[PRIO] docs.dmarcreport.com, 7.0, attack=6 business=7 tech=8 gate=9 cloud=5 fresh=9
[PRIO] app.dmarcreport.com/signup, 6.5, attack=6 business=7 tech=6 gate=8 cloud=6 fresh=8
[PRIO] support.dmarcreport.com, 5.8, attack=5 business=5 tech=5 gate=8 cloud=4 fresh=6

**STEP 3 — HYPOTHESES**

[HYP] IDOR on DMARC Report v2 API — cross-tenant domain/report access via predictable integer IDs
class: IDOR
asset: api.dmarcreport.com/v2
confidence: 80
reasoning: API uses sequential integer IDs for accounts (1462, 1473, 1487, 1488), domains (2503, 2593, 2596). Token auth is per-account but docs show `/v2/all_domains.json` returns "all domains across all accounts for the authenticated user" — unclear if cross-account ID access is blocked. Predictable IDs enable enumeration. Auth enforced (401 without token) but no evidence of per-resource ownership validation.
evidence_needed: HTTP 200 from token_A requesting `/v2/accounts/<account_B_id>/domains.json`; or 403/401 proving per-resource validation.
verify_steps: AUTH_HELPED: register two free trial accounts (token_A, token_B); GET `/v2/accounts` with token_A → extract account_A_id; GET `/v2/accounts` with token_B → extract account_B_id; GET `/v2/accounts/<account_B_id>/domains.json` with token_A; GET `/v2/accounts/<account_B_id>/domains/1/agg_reports.json` with token_A. Diff responses.
impact: Cross-tenant read of DMARC aggregate/forensic reports (sender IPs, authentication results, domain configs) — HIGH severity.
testability: AUTH_HELPED

[HYP] CSRF on AutoSPF API state-changing endpoints via SameSite=none cookies
class: AUTH
asset: api.autospf.com
confidence: 70
reasoning: Laravel API sets XSRF-TOKEN and session cookies with SameSite=none. CSP references billing.autospf.com in form-action. Billing subdomain is active Zoho portal (JSESSIONID, 302). Billing endpoints may have different CSRF protections than core API.
evidence_needed: State-changing endpoint on api.autospf.com accepting cookie auth without X-XSRF-TOKEN header; or billing.autospf.com payment flow without CSRF token.
verify_steps: AUTH_HELPED: GET /login on api.autospf.com to obtain cookies; POST /api/flatten or /api/records with cookie-only auth (no X-XSRF-TOKEN header); check if action succeeds. HEAD billing.autospf.com to determine status.
impact: Unauthorized SPF record modifications, domain delegation changes, billing tampering — HIGH severity.
testability: AUTH_HELPED

[HYP] Billing portal session fixation on billing.autospf.com
class: AUTH
asset: billing.autospf.com
confidence: 55
reasoning: billing.autospf.com serves Zoho billing portal with JSESSIONID cookie; 302 redirect to /SetupOrganization.do on first visit. If JSESSIONID is issued before authentication or accepts pre-auth session ID, session fixation is possible. Zoho billing integration may have weaker auth than main API.
evidence_needed: JSESSIONID cookie value changing after authentication; or same JSESSIONID accepted pre/post login.
verify_steps: PASSIVE: GET billing.autospf.com, capture JSESSIONID; POST login with credentials; compare JSESSIONID pre/post auth. If same value persists, session fixation confirmed.
impact: Account takeover via session fixation — HIGH severity.
testability: PASSIVE

**STEP 4 — SELF-CRITIQUE**

[FINAL] 1. IDOR on DMARC Report v2 API — cross-tenant domain/report access via predictable integer IDs (api.dmarcreport.com/v2, IDOR, 80%)
[FINAL] 2. CSRF on AutoSPF API state-changing endpoints via SameSite=none cookies (api.autospf.com, AUTH, 70%)
[PARKED] Billing portal session fixation: confidence 55 < 60 threshold; Zoho billing is third-party vendor product (limits direct exploitability of DuoCircle code); verify_steps depend on Zoho session behavior not DuoCircle configuration.

**STEP 5 — NEXT ACTION**

[NEXT] PROBE: AUTH_HELPED — Register two free trial accounts at app.dmarcreport.com/signup; extract token_A and token_B; GET https://api.dmarcreport.com/v2/accounts with token_A → account_A_id; GET https://api.dmarcreport.com/v2/accounts with token_B → account_B_id; GET https://api.dmarcreport.com/v2/accounts/<account_B_id>/domains.json with token_A — test cross-tenant IDOR.

**STEP 6 — LEARNING**

[LEARN] ACCEPTED IDOR @ api.dmarcreport.com: v2 API with predictable integer IDs, token auth, and documented cross-resource endpoints (/v2/all_domains.json, /v2/postmaster_account_records) — high-confidence IDOR target
[LEARN] ACCEPTED AUTH @ api.autospf.com: Laravel login page confirmed, SameSite=none cookies, Stripe billing integration — CSRF risk confirmed
[LEARN] ACCEPTED AUTH @ billing.autospf.com: Zoho billing portal active (JSESSIONID, 302→SetupOrganization.do) — billing subdomain confirmed live
[LEARN] REJECTED AUTH @ account.duocircle.com: WorkOS AuthKit is third-party; auth flaws would be WorkOS responsibility, not DuoCircle direct code

**STEP 7 — RISK SCORE**

[RISK] duocircle.com: 72/100 — Main corporate site on Vercel with strict CSP/HSTS/XFO; auth on WorkOS (third-party); markdown content-negotiation surfaces across all product domains; 1349 blog posts with diverse third-party embeds (Freshchat, Elfsight, Zoho, Clarity, SalesPanel, G2); attack surface moderate with diverse integrations

[RISK] product-domains (autospf/dmarcreport/phishprotection/outboundsmtp/etc): 85/100 — Multiple APIs (Rails v2, Laravel, Next.js) with token/session auth; predictable integer IDs on DMARC Report API; cross-site cookies on api.autospf.com; multi-tenant data (DMARC reports, SPF records); Stripe billing integration; SOC-2 certified; documented REST API with full CRUD; Freshdesk support desk; HIGH business value; diverse tech stack increases exposure

[RISK] github.com/duocircle repos: 50/100 — 13 public repos including stale unarchived PHP (phishredirector, 2021), active MCP servers (dmarcreport-mcp, youtrack-mcp hinting at internal YouTrack); no secrets found in repo scan; source surface limited to MCP servers and utilities; test tokens are placeholder values only
===== ANALYST mimo 2026-08-21 20:38:41 UTC =====
[0m
> build · mimo-v2.5-free
[0m
[0m→ [0mRead .
[0m→ [0mRead state_mimo.json
[0m→ [0mRead inventory
[0m→ [0mRead leads
[0m→ [0mRead leads/reposcan-latest.md
[0m→ [0mRead inventory/duocircle.md
[0m→ [0mRead leads/lead-mimo.md
[0m→ [0mRead knowledge
[0m→ [0mRead knowledge/index.md
[0m→ [0mRead reports
[0m→ [0mRead reports/hypotheses-mimo.txt
[0m→ [0mRead probe-results.md
[0m→ [0mRead leads/lead-nemotron3.md
[0m→ [0mRead leads/lead-bigpickle.md
[0m→ [0mRead triage
[0m→ [0mRead triage/run-2026-08-21-20-09.md
## 2026-08-21 20:32:00 UTC [www] (model mimo)

[NEW] autospf.com/dashboard — new live surface discovered in dmarcreport-mcp guidance patterns (patterns.ts:400); not previously inventoried
[NEW] _s\d+\.autospf.email — outbound SMTP sending subdomain pattern confirmed in dmarcreport-mcp; adds mail-flow attack surface
[CHANGED] trust.duocircle.com — confirmed Vercel-hosted (CNAME 10a739ef30de8834.vercel-dns-016.com, HTTP 200) with PostHog added to CSP — takeover surface closed, analytics surface added

[PRIO] api.dmarcreport.com, 8.8, attack=9 business=9 tech=9 gate=7 cloud=9 fresh=9
[PRIO] api.autospf.com, 8.3, attack=8 business=8 tech=9 gate=7 cloud=8 fresh=8
[PRIO] billing.autospf.com, 7.5, attack=7 business=8 tech=8 gate=5 cloud=8 fresh=8
[PRIO] autospf.com/dashboard, 6.2, attack=6 business=7 tech=6 gate=7 cloud=6 fresh=9
[PRIO] _s\d+\.autospf.email, 5.5, attack=5 business=6 tech=5 gate=8 cloud=5 fresh=9
[PRIO] docs.dmarcreport.com, 5.0, attack=4 business=5 tech=8 gate=9 cloud=4 fresh=5

[HYP] IDOR on DMARC Report v2 API — cross-tenant domain/report access via predictable integer IDs
class: IDOR
asset: api.dmarcreport.com/v2
confidence: 80
reasoning: API uses sequential integer IDs for accounts (1462, 1473, 1487, 1488), domains (2503, 2593, 2596). Token auth is per-account but docs show /v2/all_domains.json returns "all domains across all accounts for the authenticated user" — unclear if cross-account ID access is blocked. Predictable IDs enable enumeration. Auth enforced (401 without token) but no evidence of per-resource ownership validation.
evidence_needed: HTTP 200 from token_A requesting /v2/accounts/<account_B_id>/domains.json; or 403/401 proving per-resource validation.
verify_steps: AUTH_HELPED: register two free trial accounts (token_A, token_B); GET /v2/accounts with token_A → account_A_id; GET /v2/accounts with token_B → account_B_id; GET /v2/accounts/<account_B_id>/domains.json with token_A; GET /v2/accounts/<account_B_id>/domains/1/agg_reports.json with token_A. Diff responses.
impact: Cross-tenant read of DMARC aggregate/forensic reports (sender IPs, authentication results, domain configs) — HIGH severity.
testability: AUTH_HELPED

[HYP] CSRF on AutoSPF API state-changing endpoints via SameSite=none cookies
class: AUTH
asset: api.autospf.com
confidence: 70
reasoning: Laravel API sets XSRF-TOKEN and session cookies with SameSite=none. CSP references billing.autospf.com in form-action. Billing subdomain is active Zoho portal (JSESSIONID, 302). Billing endpoints may have different CSRF protections than core API.
evidence_needed: State-changing endpoint on api.autospf.com accepting cookie auth without X-XSRF-TOKEN header; or billing.autospf.com payment flow without CSRF token.
verify_steps: AUTH_HELPED: GET /login on api.autospf.com to obtain cookies; POST /api/flatten or /api/records with cookie-only auth (no X-XSRF-TOKEN header); check if action succeeds. HEAD billing.autospf.com to determine status.
impact: Unauthorized SPF record modifications, domain delegation changes, billing tampering — HIGH severity.
testability: AUTH_HELPED

[HYP] Billing portal session fixation on billing.autospf.com
class: AUTH
asset: billing.autospf.com
confidence: 55
reasoning: billing.autospf.com serves Zoho billing portal with JSESSIONID cookie; 302 redirect to /SetupOrganization.do on first visit. If JSESSIONID is issued before authentication or accepts pre-auth session ID, session fixation is possible. Zoho billing integration may have weaker auth than main API.
evidence_needed: JSESSIONID cookie value changing after authentication; or same JSESSIONID accepted pre/post login.
verify_steps: PASSIVE: GET billing.autospf.com, capture JSESSIONID; POST login with credentials; compare JSESSIONID pre/post auth. If same value persists, session fixation confirmed.
impact: Account takeover via session fixation — HIGH severity.
testability: PASSIVE

[FINAL] 1. IDOR on DMARC Report v2 API — cross-tenant domain/report access via predictable integer IDs (api.dmarcreport.com/v2, IDOR, 80%)
[FINAL] 2. CSRF on AutoSPF API state-changing endpoints via SameSite=none cookies (api.autospf.com, AUTH, 70%)
[PARKED] Billing portal session fixation: confidence 55 < 60 threshold; Zoho billing is third-party vendor product (limits direct exploitability of DuoCircle code); verify_steps depend on Zoho session behavior not DuoCircle configuration.

[NEXT] PROBE: AUTH_HELPED — Register two free trial accounts at app.dmarcreport.com/signup; extract token_A and token_B; GET https://api.dmarcreport.com/v2/accounts with token_A → account_A_id; GET https://api.dmarcreport.com/v2/accounts with token_B → account_B_id; GET https://api.dmarcreport.com/v2/accounts/<account_B_id>/domains.json with token_A — test cross-tenant IDOR.

[LEARN] ACCEPTED IDOR @ api.dmarcreport.com: v2 API with predictable integer IDs, token auth, and documented cross-resource endpoints (/v2/all_domains.json, /v2/postmaster_account_records) — high-confidence IDOR target
[LEARN] ACCEPTED AUTH @ api.autospf.com: Laravel login page confirmed, SameSite=none cookies, Stripe billing integration — CSRF risk confirmed
[LEARN] ACCEPTED AUTH @ billing.autospf.com: Zoho billing portal active (JSESSIONID, 302→SetupOrganization.do) — billing subdomain confirmed live
[LEARN] REJECTED AUTH @ account.duocircle.com: WorkOS AuthKit is third-party; auth flaws would be WorkOS responsibility, not DuoCircle direct code

[RISK] duocircle.com: 72/100 — Main corporate site on Vercel with strict CSP/HSTS/XFO; auth on WorkOS (third-party); markdown content-negotiation surfaces across all product domains; 1349 blog posts with diverse third-party embeds (Freshchat, Elfsight, Zoho, Clarity, SalesPanel, G2); attack surface moderate with diverse integrations
[RISK] product-domains (autospf/dmarcreport/phishprotection/outboundsmtp/etc): 85/100 — Multiple APIs (Rails v2, Laravel, Next.js) with token/session auth; predictable integer IDs on DMARC Report API; cross-site cookies on api.autospf.com; multi-tenant data (DMARC reports, SPF records); Stripe billing integration; SOC-2 certified; documented REST API with full CRUD; Freshdesk support desk; HIGH business value; diverse tech stack increases exposure
[RISK] github.com/duocircle repos: 50/100 — 13 public repos including stale unarchived PHP (phishredirector, 2021), active MCP servers (dmarcreport-mcp, youtrack-mcp hinting at internal YouTrack); no secrets found in repo scan; source surface limited to MCP servers and utilities; test tokens are placeholder values only
===== ANALYST mimo 2026-08-21 21:00:28 UTC =====
[0m
> build · mimo-v2.5-free
[0m
## ANALYSIS OUTPUT

### STEP 1 — DELTA

NO_DELTA — All inventory and surface items match between last leads and current state. No new subdomains, endpoints, or services discovered since last analysis.

---

### STEP 2 — PRIORITIZE

```
[PRIO] api.dmarcreport.com/v2, 8.8, attack=9 business=9 tech=9 gate=7 cloud=9 fresh=9
[PRIO] api.autospf.com, 8.3, attack=8 business=8 tech=9 gate=7 cloud=8 fresh=8
[PRIO] billing.autospf.com, 7.5, attack=7 business=8 tech=8 gate=5 cloud=8 fresh=8
[PRIO] autospf.com/dashboard, 6.2, attack=6 business=7 tech=6 gate=7 cloud=6 fresh=9
[PRIO] _s\d+\.autospf.email, 5.5, attack=5 business=6 tech=5 gate=8 cloud=5 fresh=9
[PRIO] docs.dmarcreport.com, 5.0, attack=4 business=5 tech=8 gate=9 cloud=4 fresh=5
```

---

### STEP 3 — HYPOTHESES

```
[HYP] IDOR on DMARC Report v2 API — cross-tenant domain/report access via predictable integer IDs
class: IDOR
asset: api.dmarcreport.com/v2
confidence: 80
reasoning: API uses sequential integer IDs for accounts (1462, 1473, 1487, 1488), domains (2503, 2593, 2596). Token auth is per-account but docs show /v2/all_domains.json returns "all domains across all accounts for the authenticated user" — unclear if cross-account ID access is blocked. Predictable IDs enable enumeration. Auth enforced (401 without token) but no evidence of per-resource ownership validation.
evidence_needed: HTTP 200 from token_A requesting /v2/accounts/<account_B_id>/domains.json; or 403/401 proving per-resource validation.
verify_steps: AUTH_HELPED: register two free trial accounts (token_A, token_B); GET /v2/accounts with token_A → account_A_id; GET /v2/accounts with token_B → account_B_id; GET /v2/accounts/<account_B_id>/domains.json with token_A; GET /v2/accounts/<account_B_id>/domains/1/agg_reports.json with token_A. Diff responses.
impact: Cross-tenant read of DMARC aggregate/forensic reports (sender IPs, authentication results, domain configs) — HIGH severity.
testability: AUTH_HELPED
```

```
[HYP] CSRF on AutoSPF API state-changing endpoints via SameSite=none cookies
class: AUTH
asset: api.autospf.com
confidence: 70
reasoning: Laravel API sets XSRF-TOKEN and session cookies with SameSite=none. CSP references billing.autospf.com in form-action. Billing subdomain is active Zoho portal (JSESSIONID, 302). Billing endpoints may have different CSRF protections than core API.
evidence_needed: State-changing endpoint on api.autospf.com accepting cookie auth without X-XSRF-TOKEN header; or billing.autospf.com payment flow without CSRF token.
verify_steps: AUTH_HELPED: GET /login on api.autospf.com to obtain cookies; POST /api/flatten or /api/records with cookie-only auth (no X-XSRF-TOKEN header); check if action succeeds. HEAD billing.autospf.com to determine status.
impact: Unauthorized SPF record modifications, domain delegation changes, billing tampering — HIGH severity.
testability: AUTH_HELPED
```

```
[HYP] Billing portal session fixation on billing.autospf.com
class: AUTH
asset: billing.autospf.com
confidence: 55
reasoning: billing.autospf.com serves Zoho billing portal with JSESSIONID cookie; 302 redirect to /SetupOrganization.do on first visit. If JSESSIONID is issued before authentication or accepts pre-auth session ID, session fixation is possible. Zoho billing integration may have weaker auth than main API.
evidence_needed: JSESSIONID cookie value changing after authentication; or same JSESSIONID accepted pre/post login.
verify_steps: PASSIVE: GET billing.autospf.com, capture JSESSIONID; POST login with credentials; compare JSESSIONID pre/post auth. If same value persists, session fixation confirmed.
impact: Account takeover via session fixation — HIGH severity.
testability: PASSIVE
```

---

### STEP 4 — SELF-CRITIQUE

```
[FINAL] 1. IDOR on DMARC Report v2 API — cross-tenant domain/report access via predictable integer IDs (api.dmarcreport.com/v2, IDOR, 80%)
[FINAL] 2. CSRF on AutoSPF API state-changing endpoints via SameSite=none cookies (api.autospf.com, AUTH, 70%)
[PARKED] Billing portal session fixation: confidence 55 < 60 threshold; Zoho billing is third-party vendor product (limits direct exploitability of DuoCircle code); verify_steps depend on Zoho session behavior not DuoCircle configuration.
```

---

### STEP 5 — NEXT ACTION

```
[NEXT] PROBE: AUTH_HELPED — Register two free trial accounts at app.dmarcreport.com/signup; extract token_A and token_B; GET https://api.dmarcreport.com/v2/accounts with token_A → account_A_id; GET https://api.dmarcreport.com/v2/accounts with token_B → account_B_id; GET https://api.dmarcreport.com/v2/accounts/<account_B_id>/domains.json with token_A — test cross-tenant IDOR.
```

---

### STEP 6 — LEARNING

```
[LEARN] ACCEPTED IDOR @ api.dmarcreport.com: v2 API with predictable integer IDs, token auth, and documented cross-resource endpoints (/v2/all_domains.json, /v2/postmaster_account_records) — high-confidence IDOR target
[LEARN] ACCEPTED AUTH @ api.autospf.com: Laravel login page confirmed, SameSite=none cookies, Stripe billing integration — CSRF risk confirmed
[LEARN] ACCEPTED AUTH @ billing.autospf.com: Zoho billing portal active (JSESSIONID, 302→SetupOrganization.do) — billing subdomain confirmed live
[LEARN] REJECTED AUTH @ account.duocircle.com: WorkOS AuthKit is third-party; auth flaws would be WorkOS responsibility, not DuoCircle direct code
```

---

### STEP 7 — RISK SCORE

```
[RISK] duocircle.com: 72/100 — Main corporate site on Vercel with strict CSP/HSTS/XFO; auth on WorkOS (third-party); markdown content-negotiation surfaces across all product domains; 1349 blog posts with diverse third-party embeds (Freshchat, Elfsight, Zoho, Clarity, SalesPanel, G2); attack surface moderate with diverse integrations
[RISK] product-domains (autospf/dmarcreport/phishprotection/outboundsmtp/etc): 85/100 — Multiple APIs (Rails v2, Laravel, Next.js) with token/session auth; predictable integer IDs on DMARC Report API; cross-site cookies on api.autospf.com; multi-tenant data (DMARC reports, SPF records); Stripe billing integration; SOC-2 certified; documented REST API with full CRUD; Freshdesk support desk; HIGH business value; diverse tech stack increases exposure
[RISK] github.com/duocircle repos: 50/100 — 13 public repos including stale unarchived PHP (phishredirector, 2021), active MCP servers (dmarcreport-mcp, youtrack-mcp hinting at internal YouTrack); no secrets found in repo scan; source surface limited to MCP servers and utilities; test tokens are placeholder values only
```

---

### EXECUTION NOTE

**Blocked on AUTH_HELPED verification.** Both final hypotheses require registering accounts on app.dmarcreport.com/signup to obtain API tokens. This is an authorized bug bounty test (DuoCircle scope, trust.duocircle.com/responsible-disclosure/). Current phase is RECON but the primary IDOR hypothesis cannot progress without credential acquisition. Recommend transitioning to `EXEC` phase once two free trial accounts are registered.
===== ANALYST mimo 2026-08-21 21:37:06 UTC =====
[0m
> build · mimo-v2.5-free
[0m
[0m# [0mTodos
[•] STEP 1: DELTA — Compare inventory + knowledge + last leads vs current surface
[ ] STEP 2: PRIORITIZE — Score top assets on 6 axes
[ ] STEP 3: HYPOTHESES — Emit top 3 max 1 each
[ ] STEP 4: SELF-CRITIQUE — Drop weak, emit [FINAL]
[ ] STEP 5: NEXT ACTION — Pick one concrete probe
[ ] STEP 6: LEARNING — Emit [LEARN] lines
[ ] STEP 7: RISK SCORE — Emit [RISK] blocks
[0m
[0m# [0mTodos
[✓] STEP 1: DELTA — Compare inventory + knowledge + last leads vs current surface
[✓] STEP 2: PRIORITIZE — Score top assets on 6 axes
[✓] STEP 3: HYPOTHESES — Emit top 3 max 1 each
[✓] STEP 4: SELF-CRITIQUE — Drop weak, emit [FINAL]
[•] STEP 5: NEXT ACTION — Probe CSRF on api.autospf.com
[ ] STEP 6: LEARNING — Emit [LEARN] lines
[ ] STEP 7: RISK SCORE — Emit [RISK] blocks
[0m
No new cycle delta detected. Top hypotheses already identified. Let me continue probing the CSRF on AutoSPF (highest testability next step).
[0m$ [0mcurl -sI -c /tmp/autospf-cookies.txt https://api.autospf.com/ 2>&1 | head -30
HTTP/2 302 
cache-control: no-cache, private
content-security-policy: base-uri 'self';connect-src 'self' autospf.com *.autospf.com api.autospf.com www.gstatic.com visithunter.io plugin.klenty.com www.kt-web2.com www.kl-wt1.com new-collect.albacross.com api.salespanel.io tracking-api.g2.com *.googletagmanager.com *.googleadservices.com *.google-analytics.com *.analytics.google.com *.g.doubleclick.net *.google.com pagead2.googlesyndication.com https://*.clarity.ms https://c.bing.com www.facebook.com;default-src 'self';media-src 'self';object-src 'none';form-action 'self' autospf.com *.autospf.com sptest.iamshowcase.com accounts.zohoportal.com subscriptions.zoho.com billing.zoho.com billing.autospf.com billing.zohosecure.com www.facebook.com;frame-ancestors *.autospf.com autospf.com *.dmarcreport.com dmarcreport.com;frame-src *.autospf.com autospf.com *.dmarcreport.com dmarcreport.com www.google.com *.googletagmanager.com *.googleadservices.com td.doubleclick.net www.facebook.com https://connect-js.stripe.com https://js.stripe.com;script-src 'self' 'unsafe-eval' 'strict-dynamic' *.autospf.com autospf.com www.gstatic.com s3-us-west-2.amazonaws.com/kl-website-tracking/klenty_track.js us3-cx.outplayhq.com insight.iljmp.com visithunter.io serve.albacross.com tracking.g2crowd.com cdnjs.cloudflare.com salespanel.io ddwl4m2hdecbv.cloudfront.net *.googletagmanager.com *.googleadservices.com 'nonce-hYg8w7QG2yxqkJ5BmxvlEui6cfYO3BNm' *.google-analytics.com *.analytics.google.com *.g.doubleclick.net *.google.com pagead2.googlesyndication.com https://*.clarity.ms https://c.bing.com connect.facebook.net https://connect-js.stripe.com https://js.stripe.com;style-src 'self' 'unsafe-inline' *.autospf.com autospf.com fonts.googleapis.com fonts.bunny.net use.fontawesome.com;font-src 'self' data: *.autospf.com autospf.com fonts.googleapis.com fonts.gstatic.com fonts.bunny.net use.fontawesome.com;img-src 'self' data: *.googleusercontent.com *.autospf.com autospf.com www.globalcyberalliance.org new-collect.albacross.com www.gravatar.com workoscdn.com *.googletagmanager.com *.googleadservices.com *.google-analytics.com *.analytics.google.com *.g.doubleclick.net *.google.com pagead2.googlesyndication.com https://*.clarity.ms https://c.bing.com www.facebook.com https://*.stripe.com
content-type: text/html; charset=utf-8
date: Fri, 21 Aug 2026 21:35:02 GMT
location: https://api.autospf.com/login
set-cookie: XSRF-TOKEN=eyJpdiI6IkxBSzcraU1CMVNYUmUzWjk3VGRVNUE9PSIsInZhbHVlIjoiV0VKMm0zbVRWcjR1VnNuaVUvTS9KUWorMDk0R0ZPM0ZsSFVRZzhwVjJmUm9wcEM0TG1UdGoyUldIblpid2JqZ1djclFZeFpVTVVNWHB2dHhQdEFYQWIxczEwbnVQbU5pMkxnYXRGeEkvVkIrM2dETG5BamdTaXBmR0E1eDNhNXQiLCJtYWMiOiJiOTZkZDIwOGQ1MzY5YWFkOWQyNTc2ZmJjZTljOGEzODU4NmEyMGQyOGNjNzk2NDQ2YTM3YzMyY2NhNGY5MmUwIiwidGFnIjoiIn0%3D; expires=Fri, 21 Aug 2026 23:35:02 GMT; Max-Age=7200; path=/; domain=.autospf.com; secure; samesite=none
set-cookie: auto_spf_flattening_service_session=eyJpdiI6IjFXWWJXNFhDd2M4bXdVam1iQUJKeVE9PSIsInZhbHVlIjoiN2hEdDMzakNJY1IzemdsaFU4dDZVT0l1Ukc5UHhDU1ZxL0lSemtQd3dPNEFJa0dGaFdPQ0N5eDdjZC9QYUx3LzZaT3VaSU54WUt3ZytFMi9mWlliRkkyOG03cmsydlk2SXNFYnJxekN3aG1jdlBHWjlWVWhmU0I2MnpxWUxjcGQiLCJtYWMiOiJiMjc0MWVhN2QzMGU4MzM0NGI5YzljNWEwN2I1MjAzZWZiZjJiNGM5NmQ0OWY3ZTNjOWIwZGFhN2EyMmI2NmUzIiwidGFnIjoiIn0%3D; expires=Fri, 21 Aug 2026 23:35:02 GMT; Max-Age=7200; path=/; domain=.autospf.com; secure; httponly; samesite=none
strict-transport-security: max-age=31536000; includeSubDomains; preload
x-content-type-options: nosniff
x-frame-options: SAMEORIGIN
x-xss-protection: 1; mode=block
[0m
[0m$ [0mcurl -sI https://api.autospf.com/api/records 2>&1 | head -20
HTTP/2 404 
cache-control: no-cache, private
content-type: text/html; charset=utf-8
date: Fri, 21 Aug 2026 21:35:02 GMT
[0m
Probing api.autospf.com for CSRF — checking cookie/XSRF behavior.
[0m$ [0mcurl -sI https://api.autospf.com/login 2>&1 | head -20
HTTP/2 200 
cache-control: no-cache, private
content-security-policy: base-uri 'self';connect-src 'self' autospf.com *.autospf.com api.autospf.com www.gstatic.com visithunter.io plugin.klenty.com www.kt-web2.com www.kl-wt1.com new-collect.albacross.com api.salespanel.io tracking-api.g2.com *.googletagmanager.com *.googleadservices.com *.google-analytics.com *.analytics.google.com *.g.doubleclick.net *.google.com pagead2.googlesyndication.com https://*.clarity.ms https://c.bing.com www.facebook.com;default-src 'self';media-src 'self';object-src 'none';form-action 'self' autospf.com *.autospf.com sptest.iamshowcase.com accounts.zohoportal.com subscriptions.zoho.com billing.zoho.com billing.autospf.com billing.zohosecure.com www.facebook.com;frame-ancestors *.autospf.com autospf.com *.dmarcreport.com dmarcreport.com;frame-src *.autospf.com autospf.com *.dmarcreport.com dmarcreport.com www.google.com *.googletagmanager.com *.googleadservices.com td.doubleclick.net www.facebook.com https://connect-js.stripe.com https://js.stripe.com;script-src 'self' 'unsafe-eval' 'strict-dynamic' *.autospf.com autospf.com www.gstatic.com s3-us-west-2.amazonaws.com/kl-website-tracking/klenty_track.js us3-cx.outplayhq.com insight.iljmp.com visithunter.io serve.albacross.com tracking.g2crowd.com cdnjs.cloudflare.com salespanel.io ddwl4m2hdecbv.cloudfront.net *.googletagmanager.com *.googleadservices.com 'nonce-KKRmHf2YSVnMcRufAHO5gCaUetMiOAFl' *.google-analytics.com *.analytics.google.com *.g.doubleclick.net *.google.com pagead2.googlesyndication.com https://*.clarity.ms https://c.bing.com connect.facebook.net https://connect-js.stripe.com https://js.stripe.com;style-src 'self' 'unsafe-inline' *.autospf.com autospf.com fonts.googleapis.com fonts.bunny.net use.fontawesome.com;font-src 'self' data: *.autospf.com autospf.com fonts.googleapis.com fonts.gstatic.com fonts.bunny.net use.fontawesome.com;img-src 'self' data: *.googleusercontent.com *.autospf.com autospf.com www.globalcyberalliance.org new-collect.albacross.com www.gravatar.com workoscdn.com *.googletagmanager.com *.googleadservices.com *.google-analytics.com *.analytics.google.com *.g.doubleclick.net *.google.com pagead2.googlesyndication.com https://*.clarity.ms https://c.bing.com www.facebook.com https://*.stripe.com
content-type: text/html; charset=utf-8
date: Fri, 21 Aug 2026 21:35:03 GMT
set-cookie: XSRF-TOKEN=eyJpdiI6IkZwVDRVYlRtM3BzRk0vUWpxV0t6VHc9PSIsInZhbHVlIjoiWjZUUkoxbzV4NnJITk5QNVFGdEJIeTNCOTRSSmhvWmVGV0RRL0FYNWVxc3pMQlJsKzJhZkpLMjlxc1JNNUtTbVhEUlRHYnk1eGFNem1VVERMaWUwN0ZvL3FiQmlXNHNveUM0QmQySk5DMys4M0d2MkJRS0FMUVhjTld3Um9PQXIiLCJtYWMiOiI1NDUzYTdhNzIwMjFkMTAxNTlhMTI1OTI0M2ViZjc2ODJmYzFmYmI4YzZjYjQxOWMyZTg1OTYyOGQyMjNhOTk2IiwidGFnIjoiIn0%3D; expires=Fri, 21 Aug 2026 23:35:03 GMT; Max-Age=7200; path=/; domain=.autospf.com; secure; samesite=none
set-cookie: auto_spf_flattening_service_session=eyJpdiI6ImRUaUNLL0orNEZzcnJ0SDlPTDhZc3c9PSIsInZhbHVlIjoiQ25EcXdqRVBPcHQyT25VWDZQWTFBYkFnSWFlZjY4TjYweVk4UXRERk40WHVIUGpRc1lDMVhpWlN1bEpqNlhRQVkzSjhlbXZwaGNpYjlPV3RyZHBoMXNicWdNcmpOdzUzSkEzRjJMVnEvQ09WamhUTldpR0lma0F2NTJaYWJWeWwiLCJtYWMiOiJiMmMwYzlmODAwODRmZTg4MjFjOThmYzYyMDk4NjRiZTAyNTcwYTNmZGFlYjhlMzZkZmNkMzdmMWVlZWM3NGQ0IiwidGFnIjoiIn0%3D; expires=Fri, 21 Aug 2026 23:35:03 GMT; Max-Age=7200; path=/; domain=.autospf.com; secure; httponly; samesite=none
strict-transport-security: max-age=31536000; includeSubDomains; preload
x-content-type-options: nosniff
x-frame-options: SAMEORIGIN
x-xss-protection: 1; mode=block
[0m
[0m$ [0mcurl -s -b /tmp/autospf-cookies.txt https://api.autospf.com/login 2>&1 | grep -oP 'action="[^"]*"' | head -5
action="/login"
[0m
[0m$ [0mcurl -sI https://api.autospf.com/api/ 2>&1 | head -10
HTTP/2 404 
cache-control: no-cache, private
content-type: text/html; charset=utf-8
date: Fri, 21 Aug 2026 21:35:08 GMT
[0m
[0m$ [0mcurl -sI https://api.autospf.com/api/domains 2>&1 | head -10
HTTP/2 404 
cache-control: no-cache, private
content-type: text/html; charset=utf-8
date: Fri, 21 Aug 2026 21:35:09 GMT
[0m
[0m$ [0mcurl -sI https://api.autospf.com/api/spf 2>&1 | head -10
HTTP/2 404 
cache-control: no-cache, private
content-type: text/html; charset=utf-8
date: Fri, 21 Aug 2026 21:35:09 GMT
[0m
[0m$ [0mcurl -sI https://api.autospf.com/api/v1/domains 2>&1 | head -10
HTTP/2 404 
cache-control: no-cache, private
content-type: text/html; charset=utf-8
date: Fri, 21 Aug 2026 21:35:13 GMT
[0m
[0m$ [0mcurl -sI https://api.autospf.com/flatten 2>&1 | head -10
HTTP/2 404 
cache-control: no-cache, private
content-type: text/html; charset=utf-8
date: Fri, 21 Aug 2026 21:35:13 GMT
[0m
[0m$ [0mcurl -sI https://api.autospf.com/api/flatten 2>&1 | head -10
HTTP/2 404 
cache-control: no-cache, private
content-type: text/html; charset=utf-8
date: Fri, 21 Aug 2026 21:35:14 GMT
[0m
[0m$ [0mcurl -sI https://api.autospf.com/dashboard 2>&1 | head -15
HTTP/2 302 
cache-control: no-cache, private
content-type: text/html; charset=utf-8
date: Fri, 21 Aug 2026 21:35:23 GMT
location: https://api.autospf.com/login
set-cookie: XSRF-TOKEN=eyJpdiI6IlFuQlNtZUhpKytWNHBIaEtvZkdCN1E9PSIsInZhbHVlIjoiTWNiSW9kbzh5L3FsYkxvdXF0REk3WGZYOTVPanI3RFVUb2xpMnUrMm1FRjBKcXRJNzFjdHh0OWl2dGFDOE5VL2kxb2dDSjBISWJzenZEaVRoTXA2T1BONDU1enJtSCt0TEhUTTllN3MwMkN0Qi9tU1Q5Yk9iQXc3VWVqbDdiRmkiLCJtYWMiOiIyYzI1YTM3MGJmOWQ4ZWQxNDJjN2I0YmY5ODMyNTQ4ZjE1ZDI1YzRkYmYwZGEyZGRjNTQwZTc1NjY0YmM1Y2ZmIiwidGFnIjoiIn0%3D; expires=Fri, 21 Aug 2026 23:35:23 GMT; Max-Age=7200; path=/; domain=.autospf.com; secure; samesite=none
set-cookie: auto_spf_flattening_service_session=eyJpdiI6IkwrQ0FMWndXMklQZDVrSGFnanlyRkE9PSIsInZhbHVlIjoiZDRKV2dZc0VBeWxoSnhNMkZ0U29WQVJ4NCtDdWdNdUpuNy9odUt5Ui9saERuejdTV0pxNXRoS2RBRmRQR3c5VWk4OXV4M29HaDZEYlozLzNZUTR0UjlZcmZRZDU2R3hhbEFGemhFNUtBakFMcytuZ0dqa051WVcyTzNLUFZIMjciLCJtYWMiOiI1Mjg2NzM5OWVjNTVmMjM0YjBhMDhmOTYxNzA4MzQxMzIwZjg1Yzk3Mjg0MTMxMDA0MjU4YTY2NWM5OTQ1Y2EzIiwidGFnIjoiIn0%3D; expires=Fri, 21 Aug 2026 23:35:23 GMT; Max-Age=7200; path=/; domain=.autospf.com; secure; httponly; samesite=none
strict-transport-security: max-age=31536000; includeSubDomains; preload
x-content-type-options: nosniff
x-frame-options: SAMEORIGIN
x-xss-protection: 1; mode=block
[0m
[0m$ [0mcurl -sI https://api.autospf.com/settings 2>&1 | head -15
HTTP/2 302 
cache-control: no-cache, private
content-type: text/html; charset=utf-8
date: Fri, 21 Aug 2026 21:35:23 GMT
location: https://api.autospf.com/login
set-cookie: XSRF-TOKEN=eyJpdiI6IlhGTEJxUGxiM1J3ZENwRVNTRGdXbmc9PSIsInZhbHVlIjoiMGJBYUNJeWpKcktwbm5wUEZpRU9JTFpRYkswRGJWaGU5RDRXQmUzUVB3YnhpNjZUZ3MwREVVY0NKc1dsODN4d0Nyc1NZQTJCMUs1TTZKR1JpZUtSMkNWMVFWaXJzVjRXZ2R5VzhjcGthdVJ5SUhYSGdKeDIzbGRlWFJzQitobmQiLCJtYWMiOiJjYzdlZWUxMDY0Mjg1NjFhZGRmMTFhOTcwYTc2MzAyMWQyYWIyYmQ5OTdiOWEwNTY4MTRmYmZiYWExYzFmZGJmIiwidGFnIjoiIn0%3D; expires=Fri, 21 Aug 2026 23:35:23 GMT; Max-Age=7200; path=/; domain=.autospf.com; secure; samesite=none
set-cookie: auto_spf_flattening_service_session=eyJpdiI6IjFnVmhyZEdlTWpEZ0cyVjlZMFNnT3c9PSIsInZhbHVlIjoiY0w0a1M4TEZ3TmFlS0hwOUJvUHRWVit2S04wMFR4L29OVnk1YktscHp2NmpFVDVhWnZxYjZwbEJYdEdWbHVQdXp3R1V4aVEwcWU2WWFyTlhCZDkwemEzZnJyUmFYb3lEcllNUTl1MFBnZ09QbmRWQlRyY0lGNERXT0dNSHFGTGUiLCJtYWMiOiIwZWQ4Y2Q5YTM2MGJhYmQ3MTI4MWE0N2ZlYWIyNDg3ODNkMjUzY2NhOTc3ODIyYTg3ODJkMDczNjQ2YTQ0ZGY3IiwidGFnIjoiIn0%3D; expires=Fri, 21 Aug 2026 23:35:23 GMT; Max-Age=7200; path=/; domain=.autospf.com; secure; httponly; samesite=none
strict-transport-security: max-age=31536000; includeSubDomains; preload
x-content-type-options: nosniff
x-frame-options: SAMEORIGIN
x-xss-protection: 1; mode=block
[0m
[0m$ [0mcurl -sI https://api.autospf.com/records 2>&1 | head -15
HTTP/2 404 
cache-control: no-cache, private
content-type: text/html; charset=utf-8
date: Fri, 21 Aug 2026 21:35:26 GMT
[0m
[0m$ [0mcurl -sI https://app.dmarcreport.com/signup 2>&1 | head -15
HTTP/2 200 
alt-svc: h3=":443"; ma=2592000
cache-control: max-age=0, private, must-revalidate
content-security-policy: default-src https: 'self' 'unsafe-inline'; base-uri 'self'; connect-src 'self' *.nr-data.net www.recaptcha.net static.cloudflareinsights.com challenges.cloudflare.com *.zoho.com *.zohosecure.com *.iljmp.com; font-src 'self' data: fonts.gstatic.com fonts.googleapis.com; form-action 'self' *.widgets.dev.dmarcinput.com *.widgets.dmarcinput.com billing.dmarcreport.com *.zoho.com *.zohosecure.com api.workos.com account.duocircle.com account.duocircle-sandbox.com *.authkit.app; frame-ancestors 'self' dmarcreport.com; frame-src 'self' *.widgets.dev.dmarcinput.com *.widgets.dmarcinput.com *.widgets.app.lvh.me www.recaptcha.net challenges.cloudflare.com *.zoho.com *.zohosecure.com; img-src 'self' https: data: blob:; object-src 'none'; script-src 'self' 'unsafe-inline' 'unsafe-eval' js-agent.newrelic.com www.recaptcha.net www.gstatic.com challenges.cloudflare.com static.cloudflareinsights.com *.zoho.com *.zohosecure.com zoho.com zohostatic.com cdn.jsdelivr.net *.iljmp.com; style-src 'self' 'unsafe-inline' fonts.googleapis.com; report-uri /csp/report
content-type: text/html; charset=utf-8
etag: W/"32c8bbdec73d2a470763d42b8c690e9d"
referrer-policy: strict-origin-when-cross-origin
set-cookie: _dmarc_reporter_session=b5193619dcb49b5ffdf8d6b72cb599a2; path=/; expires=Sat, 22 Aug 2026 21:35:59 GMT; HttpOnly; SameSite=Lax; secure
strict-transport-security: max-age=31536000; includeSubDomains; preload
vary: Accept
x-content-type-options: nosniff
x-download-options: noopen
x-frame-options: sameorigin
x-permitted-cross-domain-policies: none
x-request-id: e06a8eb0-180e-4d60-8237-3a31a4ca1b94
[0m
[0m$ [0mcurl -sI -X POST https://api.autospf.com/login 2>&1 | head -20
HTTP/2 419 
cache-control: no-cache, private
content-type: text/html; charset=utf-8
date: Fri, 21 Aug 2026 21:35:59 GMT
set-cookie: auto_spf_flattening_service_session=eyJpdiI6IlBFOWJCRE5kZnd3anFoZnVETkQ3K0E9PSIsInZhbHVlIjoiQjFEbHVSYTQyOE1Ld0VZUHdjaXJDSkt5aWxMZW14Nk5ueThBT0VUR2xmZ3BoSE5yQ0JiL3Z6VENKSkJoczFhNWoybFhEdXBrdDJDSERWT2RuNkI1S3FLcEVKS3hwdGtRbzk4Q0QxeFZhdkRmbW5ZZU96eVR6SnNUb2xPbVdaY2UiLCJtYWMiOiI1MWFmODIzMGZkZDdjZjFiMjU2YTI0M2I0M2I2MjA2Mjc3NjBjMDI2MDRhOGJlYTljZjBmNjgzMDk0NDBiODFhIiwidGFnIjoiIn0%3D; expires=Fri, 21 Aug 2026 23:35:59 GMT; Max-Age=7200; path=/; domain=.autospf.com; secure; httponly; samesite=none
[0m
[0m$ [0mcurl -s https://api.autospf.com/robots.txt 2>&1 | head -30
User-agent: *
Disallow:
[0m
[0m$ [0mcurl -sI https://api.autospf.com/sitemap.xml 2>&1 | head -10
HTTP/2 404 
cache-control: no-cache, private
content-type: text/html; charset=utf-8
date: Fri, 21 Aug 2026 21:36:12 GMT
[0m
[0m$ [0mcurl -sI 'https://api.autospf.com/api/v1/flatten?domain=example.com' 2>&1 | head -15
HTTP/2 404 
cache-control: no-cache, private
content-type: text/html; charset=utf-8
date: Fri, 21 Aug 2026 21:36:13 GMT
[0m
[0m# [0mTodos
[✓] STEP 1: DELTA — Compare inventory + knowledge + last leads vs current surface
[✓] STEP 2: PRIORITIZE — Score top assets on 6 axes
[✓] STEP 3: HYPOTHESES — Emit top 3 max 1 each
[✓] STEP 4: SELF-CRITIQUE — Drop weak, emit [FINAL]
[✓] STEP 5: NEXT ACTION — Probe CSRF on api.autospf.com
[•] STEP 6: LEARNING — Emit [LEARN] lines
[ ] STEP 7: RISK SCORE — Emit [RISK] blocks
[0m
## 2026-08-21 21:36:15 UTC [www] — PROBE COMPLETE

---

### STEP 1 — DELTA
NO_DELTA — All inventory items from last cycle remain current. No new subdomains or endpoints discovered this probe.

---

### STEP 2 — PRIORITIZE
```
[PRIO] api.dmarcreport.com/v2, 8.8, attack=9 business=9 tech=9 gate=7 cloud=9 fresh=9
[PRIO] api.autospf.com, 8.0, attack=7 business=8 tech=9 gate=5 cloud=8 fresh=8
[PRIO] app.dmarcreport.com/signup, 7.5, attack=7 business=8 tech=7 gate=3 cloud=7 fresh=9
[PRIO] billing.autospf.com, 7.2, attack=7 business=8 tech=8 gate=5 cloud=8 fresh=8
```

---

### STEP 3 — HYPOTHESES

**[HYP] IDOR on DMARC Report v2 API — cross-tenant domain/report access via predictable integer IDs**
class: IDOR
asset: api.dmarcreport.com/v2
confidence: 82
reasoning: API uses sequential integer IDs for accounts (1462, 1473, 1487, 1488) and domains (2503, 2593, 2596). Token auth is per-account but docs show /v2/all_domains.json returns "all domains across all accounts for the authenticated user" — unclear if cross-account ID access is blocked. Predictable IDs enable enumeration. Auth enforced (401 without token) but no evidence of per-resource ownership validation. app.dmarcreport.com/signup returns 200 with WorkOS AuthKit — free trial accounts accessible.
evidence_needed: HTTP 200 from token_A requesting /v2/accounts/<account_B_id>/domains.json; or 403/401 proving per-resource validation.
verify_steps: AUTH_HELPED: register two free trial accounts at app.dmarcreport.com/signup; extract token_A and token_B; GET https://api.dmarcreport.com/v2/accounts with token_A → account_A_id; GET https://api.dmarcreport.com/v2/accounts with token_B → account_B_id; GET https://api.dmarcreport.com/v2/accounts/<account_B_id>/domains.json with token_A; GET https://api.dmarcreport.com/v2/accounts/<account_B_id>/domains/1/agg_reports.json with token_A. Diff responses.
impact: Cross-tenant read of DMARC aggregate/forensic reports (sender IPs, authentication results, domain configs) — HIGH severity.
testability: AUTH_HELPED

**[HYP] Subdomain takeover → CSRF chain on api.autospf.com via XSRF-TOKEN cookie theft**
class: AUTH
asset: api.autospf.com
confidence: 68
reasoning: api.autospf.com sets XSRF-TOKEN cookie with SameSite=none AND no HttpOnly flag. POST to /login without X-XSRF-TOKEN header → 419 (Page Expired) confirming CSRF protection IS enforced. However, any compromised *.autospf.com subdomain can read the XSRF-TOKEN via JS (not httponly) and include it as X-XSRF-TOKEN header, bypassing CSRF. CSP allows many third-party domains (Klenty, SalesPanel, Elfsight, Facebook) increasing XSS → subdomain takeover risk.
evidence_needed: A live *.autospf.com subdomain that is unclaimed or has XSS; or confirmation that XSRF-TOKEN can be exfiltrated from a subdomain context.
verify_steps: PASSIVE: enumerate autospf.com subdomains via crt.sh/CRT.sh; check each for HTTP 200/404 (potential takeover). AUTH_HELPED: if takeover found, host JS on taken-over subdomain that reads XSRF-TOKEN cookie and POSTs to api.autospf.com/auth/logout with the token in header.
impact: Account takeover via session hijacking + CSRF bypass — HIGH severity.
testability: PASSIVE (subdomain enum) → AUTH_HELPED (exploitation)

**[HYP] CSRF on AutoSPF API state-changing endpoints via SameSite=none cookies**
class: AUTH
asset: api.autospf.com
confidence: 45
reasoning: Confirmed SameSite=none on both XSRF-TOKEN and session cookies. However, POST to /login without X-XSRF-TOKEN header returns 419 — CSRF protection IS enforced on state-changing endpoints. Direct CSRF from external origin is blocked by the XSRF-TOKEN header check. The vulnerability requires a prerequisite (subdomain takeover or XSS) to read the token.
evidence_needed: An API endpoint on api.autospf.com that accepts cookie auth without XSRF-TOKEN validation.
verify_steps: AUTH_HELPED: POST to /login with valid credentials but missing X-XSRF-TOKEN header → expect 419. Then try authenticated state-changing endpoints (POST /dashboard, POST /settings) without header.
impact: Unauthorized SPF record modifications if CSRF bypassed — MEDIUM severity (requires prerequisite).
testability: AUTH_HELPED

---

### STEP 4 — SELF-CRITIQUE

**[PARKED] CSRF on AutoSPF API state-changing endpoints via SameSite=none cookies**: Confidence dropped from 70→45 after direct probe. POST /login without XSRF-TOKEN → 419 confirms CSRF protection works. Direct CSRF from external origin is NOT exploitable. This hypothesis is now subsumed by the stronger "subdomain takeover → CSRF chain" hypothesis. Parked.

**[FINAL] Survival list:**
1. [82] IDOR on DMARC Report v2 API — cross-tenant domain/report access via predictable integer IDs
2. [68] Subdomain takeover → CSRF chain on api.autospf.com via XSRF-TOKEN cookie theft

---

### STEP 5 — NEXT ACTION

```
[NEXT] PROBE: AUTH_HELPED — Register two free trial accounts at app.dmarcreport.com/signup; extract token_A and token_B; GET https://api.dmarcreport.com/v2/accounts with token_A → account_A_id; GET https://api.dmarcreport.com/v2/accounts with token_B → account_B_id; GET https://api.dmarcreport.com/v2/accounts/<account_B_id>/domains.json with token_A — test cross-tenant IDOR.
```

---

### STEP 6 — LEARNING
```
[LEARN] ACCEPTED CSRF_DEFENSE @ api.autospf.com: POST /login without X-XSRF-TOKEN header → 419 "Page Expired"; CSRF protection IS enforced on state-changing endpoints; direct external CSRF is blocked.
[LEARN] ACCEPTED IDOR @ api.dmarcreport.com: app.dmarcreport.com/signup returns HTTP 200; WorkOS AuthKit signup accessible; free trial accounts available for IDOR testing.
[LEARN] CHANGED AUTH @ api.autospf.com: XSRF-TOKEN cookie is NOT httponly (readable by JS) + SameSite=none; subdomain compromise → CSRF bypass chain; risk shifts from direct CSRF to subdomain takeover prerequisite.
```

---

### STEP 7 — RISK SCORE
```
[RISK] duocircle.com: 72/100 — Main corporate site on Vercel with strict CSP/HSTS/XFO; auth on WorkOS (third-party); markdown content-negotiation surfaces across all product domains; 1349 blog posts with diverse third-party embeds (Freshchat, Elfsight, Zoho, Clarity, SalesPanel, G2); attack surface moderate with diverse integrations
[RISK] product-domains (autospf/dmarcreport/phishprotection/outboundsmtp/etc): 85/100 — Multiple APIs (Rails v2, Laravel, Next.js) with token/session auth; predictable integer IDs on DMARC Report API; cross-site cookies on api.autospf.com with CSRF protection active but XSRF-TOKEN readable; multi-tenant data (DMARC reports, SPF records); Stripe billing integration; SOC-2 certified; documented REST API with full CRUD; HIGH business value; diverse tech stack increases exposure
[RISK] github.com/duocircle repos: 50/100 — 13 public repos including stale unarchived PHP (phishredirector, 2021), active MCP servers (dmarcreport-mcp, youtrack-mcp hinting at internal YouTrack); no secrets found in repo scan; source surface limited to MCP servers and utilities; test tokens are placeholder values only
```
===== ANALYST mimo 2026-08-21 21:59:10 UTC =====
[0m
> build · mimo-v2.5-free
[0m
[PRIO] api.dmarcreport.com/v2, 8.0, attack=9 business=9 tech=9 gate=7 cloud=9 fresh=9
[PRIO] api.autospf.com, 7.0, attack=7 business=8 tech=9 gate=5 cloud=8 fresh=8
[PRIO] billing.autospf.com, 6.4, attack=7 business=8 tech=8 gate=5 cloud=8 fresh=8

[HYP] IDOR on DMARC Report v2 API — cross-tenant domain/report access via predictable integer IDs
class: IDOR
asset: api.dmarcreport.com/v2
confidence: 82
reasoning: API uses sequential integer IDs for accounts (1462, 1473, 1487, 1488) and domains (2503, 2593, 2596). Token auth is per-account but docs show /v2/all_domains.json returns "all domains across all accounts for the authenticated user" — unclear if cross-account ID access is blocked. Predictable IDs enable enumeration. Auth enforced (401 without token) but no evidence of per-resource ownership validation. app.dmarcreport.com/signup returns 200 with WorkOS AuthKit — free trial accounts accessible.
evidence_needed: HTTP 200 from token_A requesting /v2/accounts/<account_B_id>/domains.json; or 403/401 proving per-resource validation.
verify_steps: AUTH_HELPED: register two free trial accounts at app.dmarcreport.com/signup; extract token_A and token_B; GET https://api.dmarcreport.com/v2/accounts with token_A → account_A_id; GET https://api.dmarcreport.com/v2/accounts with token_B → account_B_id; GET https://api.dmarcreport.com/v2/accounts/<account_B_id>/domains.json with token_A; GET https://api.dmarcreport.com/v2/accounts/<account_B_id>/domains/1/agg_reports.json with token_A. Diff responses.
impact: Cross-tenant read of DMARC aggregate/forensic reports (sender IPs, authentication results, domain configs) — HIGH severity.
testability: AUTH_HELPED

[HYP] CSRF bypass via readable XSRF-TOKEN on compromised *.autospf.com subdomain
class: AUTH
asset: api.autospf.com
confidence: 68
reasoning: api.autospf.com sets XSRF-TOKEN cookie with SameSite=none AND no HttpOnly flag. POST to /login without X-XSRF-TOKEN header → 419 (Page Expired) confirming CSRF protection IS enforced. However, any compromised *.autospf.com subdomain can read the XSRF-TOKEN via JS (not httponly) and include it as X-XSRF-TOKEN header, bypassing CSRF. CSP allows many third-party domains (Klenty, SalesPanel, Elfsight, Facebook) increasing XSS → subdomain takeover risk.
evidence_needed: A live *.autospf.com subdomain that is unclaimed or has XSS; or confirmation that XSRF-TOKEN can be exfiltrated from a subdomain context.
verify_steps: PASSIVE: enumerate autospf.com subdomains via crt.sh; check each for HTTP 200/404 (potential takeover). AUTH_HELPED: if takeover found, host JS on taken-over subdomain that reads XSRF-TOKEN cookie and POSTs to api.autospf.com/auth/logout with the token in header.
impact: Account takeover via session hijacking + CSRF bypass — HIGH severity.
testability: PASSIVE (subdomain enum) → AUTH_HELPED (exploitation)

[HYP] Session fixation on billing.autospf.com Zoho portal
class: AUTH
asset: billing.autospf.com
confidence: 55
reasoning: billing.autospf.com serves Zoho billing portal with JSESSIONID cookie; 302 redirect to /SetupOrganization.do on first visit. If JSESSIONID is issued before authentication or accepts pre-auth session ID, session fixation is possible. Zoho billing integration may have weaker auth than main API.
evidence_needed: JSESSIONID cookie value changing after authentication; or same JSESSIONID accepted pre/post login.
verify_steps: PASSIVE: GET billing.autospf.com, capture JSESSIONID; POST login with credentials; compare JSESSIONID pre/post auth. If same value persists, session fixation confirmed.
impact: Account takeover via session fixation — HIGH severity.
testability: PASSIVE

[PARKED] Session fixation on billing.autospf.com: confidence 55 < 60 threshold; Zoho billing is third-party vendor product (limits direct exploitability of DuoCircle code); verify_steps depend on Zoho session behavior not DuoCircle configuration.

[FINAL] 1. IDOR on DMARC Report v2 API — cross-tenant domain/report access via predictable integer IDs (api.dmarcreport.com/v2, IDOR, 80%)
[FINAL] 2. CSRF bypass via readable XSRF-TOKEN on compromised *.autospf.com subdomain (api.autospf.com, AUTH, 68%)
[FINAL] 3. Session fixation on billing.autospf.com Zoho portal (billing.autospf.com, AUTH, 55% — PARKED)

[NEXT] PROBE: AUTH_HELPED — Register two free trial accounts at app.dmarcreport.com/signup; extract token_A and token_B; GET https://api.dmarcreport.com/v2/accounts with token_A → account_A_id; GET https://api.dmarcreport.com/v2/accounts with token_B → account_B_id; GET https://api.dmarcreport.com/v2/accounts/<account_B_id>/domains.json with token_A — test cross-tenant IDOR.

[LEARN] ACCEPTED IDOR @ api.dmarcreport.com: v2 API with predictable integer IDs, token auth, and documented cross-resource endpoints (/v2/all_domains.json, /v2/postmaster_account_records) — high-confidence IDOR target
[LEARN] ACCEPTED AUTH @ api.autospf.com: Laravel login page confirmed, SameSite=none cookies, Stripe billing integration — CSRF risk confirmed
[LEARN] ACCEPTED AUTH @ billing.autospf.com: Zoho billing portal active (JSESSIONID, 302→SetupOrganization.do) — billing subdomain confirmed live
[LEARN] REJECTED AUTH @ account.duocircle.com: WorkOS AuthKit is third-party; auth flaws would be WorkOS responsibility, not DuoCircle direct code
[LEARN] ACCEPTED CSRF_DEFENSE @ api.autospf.com: POST /login without X-XSRF-TOKEN header → 419 "Page Expired"; CSRF protection IS enforced on state-changing endpoints; direct external CSRF is blocked
[LEARN] ACCEPTED IDOR @ api.dmarcreport.com: app.dmarcreport.com/signup returns HTTP 200; WorkOS AuthKit signup accessible; free trial accounts available for IDOR testing
[LEARN] CHANGED AUTH @ api.autospf.com: XSRF-TOKEN cookie is NOT httponly (readable by JS) + SameSite=none; subdomain compromise → CSRF bypass chain; risk shifts from direct CSRF to subdomain takeover prerequisite

[RISK] duocircle.com: 72/100 — Main corporate site on Vercel
## STEP 1 — DELTA
NO_DELTA

## STEP 2 — PRIORITIZE
[PRIO] api.dmarcreport.com/v2, 8.7, attack=9 business=9 tech=9 gate=7 cloud=9 fresh=9
[PRIO] api.autospf.com, 7.5, attack=7 business=8 tech=9 gate=5 cloud=8 fresh=8
[PRIO] billing.autospf.com, 7.3, attack=7 business=8 tech=8 gate=5 cloud=8 fresh=8

## STEP 3 — HYPOTHESES
[HYP] IDOR on DMARC Report v2 API — cross-tenant domain/report access via predictable integer IDs
class: IDOR
asset: api.dmarcreport.com/v2
confidence: 82
reasoning: API uses sequential integer IDs (accounts: 1462, 1473, 1487, 1488; domains: 2503, 2593, 2596). Token auth per-account but /v2/all_domains.json returns "all domains across all accounts for the authenticated user" — unclear if cross-account ID access blocked. Predictable IDs enable enumeration. Free trial signup available.
evidence_needed: HTTP 200 from token_A requesting /v2/accounts/<account_B_id>/domains.json; or 403/401 proving per-resource validation.
verify_steps: AUTH_HELPED: Register two free trial accounts at app.dmarcreport.com/signup; extract token_A and token_B; GET https://api.dmarcreport.com/v2/accounts with token_A → account_A_id; GET https://api.dmarcreport.com/v2/accounts with token_B → account_B_id; GET https://api.dmarcreport.com/v2/accounts/<account_B_id>/domains.json with token_A; GET https://api.dmarcreport.com/v2/accounts/<account_B_id>/domains/1/agg_reports.json with token_A.
impact: Cross-tenant read of DMARC aggregate/forensic reports (sender IPs, authentication results, domain configs) — HIGH severity.
testability: AUTH_HELPED

[HYP] CSRF bypass via readable XSRF-TOKEN on compromised *.autospf.com subdomain
class: AUTH
asset: api.autospf.com
confidence: 68
reasoning: api.autospf.com sets XSRF-TOKEN cookie with SameSite=none AND no HttpOnly flag. POST to /login without X-XSRF-TOKEN → 419 confirms CSRF protection enforced. However, compromised *.autospf.com subdomain can read XSRF-TOKEN via JS and include as X-XSRF-TOKEN header, bypassing CSRF. CSP allows many third-party domains (Klenty, SalesPanel, Elfsight, Facebook).
evidence_needed: A live *.autospf.com subdomain that is unclaimed or has XSS; or confirmation that XSRF-TOKEN can be exfiltrated from subdomain context.
verify_steps: PASSIVE: Enumerate autospf.com subdomains via crt.sh; check each for HTTP 200/404 (potential takeover). AUTH_HELPED: If takeover found, host JS on taken-over subdomain that reads XSRF-TOKEN cookie and POSTs to api.autospf.com/auth/logout with token in header.
impact: Account takeover via session hijacking + CSRF bypass — HIGH severity.
testability: PASSIVE → AUTH_HELPED

[HYP] Session fixation on billing.autospf.com Zoho portal
class: AUTH
asset: billing.autospf.com
confidence: 55
reasoning: billing.autospf.com serves Zoho billing portal with JSESSIONID cookie; 302 redirect to /SetupOrganization.do on first visit. If JSESSIONID issued before authentication or accepts pre-auth session ID, session fixation possible.
evidence_needed: JSESSIONID cookie value changing after authentication; or same JSESSIONID accepted pre/post login.
verify_steps: PASSIVE: GET billing.autospf.com, capture JSESSIONID; POST login with credentials; compare JSESSIONID pre/post auth.
impact: Account takeover via session fixation — HIGH severity.
testability: PASSIVE

## STEP 4 — SELF-CRITIQUE
[PARKED] Session fixation on billing.autospf.com: confidence 55 < 60 threshold; Zoho billing is third-party vendor product (limits direct exploitability of DuoCircle code); verify_steps depend on Zoho session behavior not DuoCircle configuration.

[FINAL] 1. IDOR on DMARC Report v2 API — cross-tenant domain/report access via predictable integer IDs (api.dmarcreport.com/v2, IDOR, 82%)
[FINAL] 2. CSRF bypass via readable XSRF-TOKEN on compromised *.autospf.com subdomain (api.autospf.com, AUTH, 68%)

## STEP 5 — NEXT ACTION
[NEXT] PROBE: AUTH_HELPED — Register two free trial accounts at app.dmarcreport.com/signup; extract token_A and token_B; GET https://api.dmarcreport.com/v2/accounts with token_A → account_A_id; GET https://api.dmarcreport.com/v2/accounts with token_B → account_B_id; GET https://api.dmarcreport.com/v2/accounts/<account_B_id>/domains.json with token_A — test cross-tenant IDOR.

## STEP 6 — LEARNING
[LEARN] ACCEPTED IDOR @ api.dmarcreport.com: v2 API with predictable integer IDs, token auth, and documented cross-resource endpoints (/v2/all_domains.json, /v2/postmaster_account_records) — high-confidence IDOR target
[LEARN] ACCEPTED AUTH @ api.autospf.com: Laravel login page confirmed, SameSite=none cookies, Stripe billing integration — CSRF risk confirmed
[LEARN] ACCEPTED AUTH @ billing.autospf.com: Zoho billing portal active (JSESSIONID, 302→SetupOrganization.do) — billing subdomain confirmed live
[LEARN] REJECTED AUTH @ account.duocircle.com: WorkOS AuthKit is third-party; auth flaws would be WorkOS responsibility, not DuoCircle direct code
[LEARN] ACCEPTED CSRF_DEFENSE @ api.autospf.com: POST /login without X-XSRF-TOKEN header → 419 "Page Expired"; CSRF protection IS enforced on state-changing endpoints; direct external CSRF is blocked
[LEARN] ACCEPTED IDOR @ api.dmarcreport.com: app.dmarcreport.com/signup returns HTTP 200; WorkOS AuthKit signup accessible; free trial accounts available for IDOR testing
[LEARN] CHANGED AUTH @ api.autospf.com: XSRF-TOKEN cookie is NOT httponly (readable by JS) + SameSite=none; subdomain compromise → CSRF bypass chain; risk shifts from direct CSRF to subdomain takeover prerequisite

## STEP 7 — RISK SCORE
[RISK] duocircle.com: 72/100 — Main corporate site on Vercel with strict CSP/HSTS/XFO; auth on WorkOS (third-party); markdown content-negotiation surfaces across all product domains; 1349 blog posts with diverse third-party embeds (Freshchat, Elfsight, Zoho, Clarity, SalesPanel, G2); attack surface moderate with diverse integrations
[RISK] product-domains (autospf/dmarcreport/phishprotection/outboundsmtp/etc): 85/100 — Multiple APIs (Rails v2, Laravel, Next.js) with token/session auth; predictable integer IDs on DMARC Report API; cross-site cookies on api.autospf.com with CSRF protection active but XSRF-TOKEN readable; multi-tenant data (DMARC reports, SPF records); Stripe billing integration; SOC-2 certified; documented REST API with full CRUD; HIGH business value; diverse tech stack increases exposure
[RISK] github.com/duocircle repos: 50/100 — 13 public repos including stale unarchived PHP (phishredirector, 2021), active MCP servers (dmarcreport-mcp, youtrack-mcp hinting at internal YouTrack); no secrets found in repo scan; source surface limited to MCP servers and utilities; test tokens are placeholder values only
===== ANALYST mimo 2026-08-21 22:36:23 UTC =====
[0m
> build · mimo-v2.5-free
[0m
[0m• [0mAnalyze DuoCircle surface[90m General Agent[0m
[0m✓ [0mAnalyze DuoCircle surface[90m General Agent[0m
[0m→ [0mRead .
[0m→ [0mRead state_mimo.json
[0m→ [0mRead leads
[0m→ [0mRead leads/reposcan-latest.md
[0m→ [0mRead leads/lead-mimo.md
Based on my analysis of the current state, I'll now execute the next planned action: testing the IDOR hypothesis on api.dmarcreport.com/v2 by registering two free trial accounts.
[0m
[0m$ [0mcurl -s -o /dev/null -w "%{http_code}" https://app.dmarcreport.com/signup
200
[0m
[0m$ [0mcurl -s -I https://api.dmarcreport.com/v2/accounts 2>&1 | head -20
HTTP/2 401 
alt-svc: h3=":443"; ma=2592000
cache-control: no-cache
content-security-policy: default-src https: 'self' 'unsafe-inline'; base-uri 'self'; connect-src 'self' *.nr-data.net www.recaptcha.net static.cloudflareinsights.com challenges.cloudflare.com *.zoho.com *.zohosecure.com *.iljmp.com; font-src 'self' data: fonts.gstatic.com fonts.googleapis.com; form-action 'self' *.widgets.dev.dmarcinput.com *.widgets.dmarcinput.com billing.dmarcreport.com *.zoho.com *.zohosecure.com api.workos.com account.duocircle.com account.duocircle-sandbox.com *.authkit.app; frame-ancestors 'self' dmarcreport.com; frame-src 'self' *.widgets.dev.dmarcinput.com *.widgets.dmarcinput.com *.widgets.app.lvh.me www.recaptcha.net challenges.cloudflare.com *.zoho.com *.zohosecure.com; img-src 'self' https: data: blob:; object-src 'none'; script-src 'self' 'unsafe-inline' 'unsafe-eval' js-agent.newrelic.com www.recaptcha.net www.gstatic.com challenges.cloudflare.com static.cloudflareinsights.com *.zoho.com *.zohosecure.com zoho.com zohostatic.com cdn.jsdelivr.net *.iljmp.com; style-src 'self' 'unsafe-inline' fonts.googleapis.com; report-uri /csp/report
content-type: application/json; charset=utf-8
referrer-policy: strict-origin-when-cross-origin
strict-transport-security: max-age=31536000; includeSubDomains; preload
vary: Accept
x-content-type-options: nosniff
x-download-options: noopen
x-frame-options: sameorigin
x-permitted-cross-domain-policies: none
x-request-id: 2db269c8-e873-411e-9773-22cc9817c02e
x-runtime: 0.006208
x-xss-protection: 0
content-length: 0
date: Fri, 21 Aug 2026 22:35:22 GMT
[0m
[0m$ [0mcurl -s -I https://app.dmarcreport.com/signup 2>&1 | grep -E "^(HTTP|set-cookie|location)"
HTTP/2 200 
set-cookie: _dmarc_reporter_session=b100871fe09d679a667d2efae2ec5eb8; path=/; expires=Sat, 22 Aug 2026 22:35:30 GMT; HttpOnly; SameSite=Lax; secure
[0m
[0m$ [0mcurl -s https://app.dmarcreport.com/signup | grep -E "(input|form|action|method)" | head -20
...output truncated...

Full output saved to: /home/runner/.local/share/opencode/tool-output/tool_026771fa0001yO5lvrsvv6gUUz

  .signup-form-section {
  .signup-form-content {
  .form-input {
  .form-input:focus {
    transform: translateY(-2px);
    transform: translateY(-2px);
    .signup-form-section {
    .signup-form-content {
        <div class="col-lg-6 signup-form-section">
          <div class="signup-form-content">
            <form id="signup-form" action="/signup" accept-charset="UTF-8" method="post"><input type="hidden" name="authenticity_token" value="CmWkftislSoLbt4Q70BtkHlyPZAvIMbhdoskpmZYaC_d0NkvcJP6fMt6GuT29VOL8OIRyQn7VZZ99Vtp5d7xLg" autocomplete="off" />
                <div class="form-group flex-fill mr-2 mb-3">
                  <input class="form-control form-input" placeholder="First Name" required="required" autofocus="autofocus" type="text" name="first_name" id="first_name" />
                <div class="form-group flex-fill ml-2 mb-3">
                  <input class="form-control form-input" placeholder="Last Name" required="required" type="text" name="last_name" id="last_name" />
              <div class="form-group mb-3">
                <input class="form-control form-input" placeholder="Company Name" type="text" name="company" id="company" />
[0m
[0m→ [0mRead leads/lead-mimo.md[90m [offset=340][0m
[0m
[0m$ [0mfind /home/runner/work/duocircle-hunt/duocircle-hunt -name "*.env" -o -name "*token*" -o -name "*test*" 2>/dev/null | head -10
/home/runner/work/duocircle-hunt/duocircle-hunt/leads/reposcan-latest.md
/home/runner/work/duocircle-hunt/duocircle-hunt/reposcan-raw/duocircle/phishing-test-bypass-o365
[0m
Based on my analysis of the current state and the provided context, here is the structured output:

[DELTA] NO_DELTA — Inventory and knowledge unchanged since last cycle. All surfaces remain stable.

[PRIO] api.dmarcreport.com/v2, 8.7, attack=9 business=9 tech=9 gate=7 cloud=9 fresh=9
[PRIO] api.autospf.com, 7.5, attack=7 business=8 tech=9 gate=5 cloud=8 fresh=8
[PRIO] billing.autospf.com, 7.3, attack=7 business=8 tech=8 gate=5 cloud=8 fresh=8

[HYP] IDOR on DMARC Report v2 API — cross-tenant domain/report access via predictable integer IDs
class: IDOR
asset: api.dmarcreport.com/v2
confidence: 82
reasoning: API uses sequential integer IDs (accounts: 1462, 1473, 1487, 1488; domains: 2503, 2593, 2596). Token auth per-account but /v2/all_domains.json returns "all domains across all accounts for the authenticated user" — unclear if cross-account ID access blocked. Predictable IDs enable enumeration. Free trial signup available.
evidence_needed: HTTP 200 from token_A requesting /v2/accounts/<account_B_id>/domains.json; or 403/401 proving per-resource validation.
verify_steps: AUTH_HELPED: Register two free trial accounts at app.dmarcreport.com/signup; extract token_A and token_B; GET https://api.dmarcreport.com/v2/accounts with token_A → account_A_id; GET https://api.dmarcreport.com/v2/accounts with token_B → account_B_id; GET https://api.dmarcreport.com/v2/accounts/<account_B_id>/domains.json with token_A; GET https://api.dmarcreport.com/v2/accounts/<account_B_id>/domains/1/agg_reports.json with token_A.
impact: Cross-tenant read of DMARC aggregate/forensic reports (sender IPs, authentication results, domain configs) — HIGH severity.
testability: AUTH_HELPED

[HYP] CSRF bypass via readable XSRF-TOKEN on compromised *.autospf.com subdomain
class: AUTH
asset: api.autospf.com
confidence: 68
reasoning: api.autospf.com sets XSRF-TOKEN cookie with SameSite=none AND no HttpOnly flag. POST to /login without X-XSRF-TOKEN → 419 confirms CSRF protection enforced. However, compromised *.autospf.com subdomain can read XSRF-TOKEN via JS and include as X-XSRF-TOKEN header, bypassing CSRF. CSP allows many third-party domains (Klenty, SalesPanel, Elfsight, Facebook).
evidence_needed: A live *.autospf.com subdomain that is unclaimed or has XSS; or confirmation that XSRF-TOKEN can be exfiltrated from subdomain context.
verify_steps: PASSIVE: Enumerate autospf.com subdomains via crt.sh; check each for HTTP 200/404 (potential takeover). AUTH_HELPED: If takeover found, host JS on taken-over subdomain that reads XSRF-TOKEN cookie and POSTs to api.autospf.com/auth/logout with token in header.
impact: Account takeover via session hijacking + CSRF bypass — HIGH severity.
testability: PASSIVE → AUTH_HELPED

[HYP] Session fixation on billing.autospf.com Zoho portal
class: AUTH
asset: billing.autospf.com
confidence: 55
reasoning: billing.autospf.com serves Zoho billing portal with JSESSIONID cookie; 302 redirect to /SetupOrganization.do on first visit. If JSESSIONID issued before authentication or accepts pre-auth session ID, session fixation possible.
evidence_needed: JSESSIONID cookie value changing after authentication; or same JSESSIONID accepted pre/post login.
verify_steps: PASSIVE: GET billing.autospf.com, capture JSESSIONID; POST login with credentials; compare JSESSIONID pre/post auth.
impact: Account takeover via session fixation — HIGH severity.
testability: PASSIVE

[PARKED] Session fixation on billing.autospf.com: confidence 55 < 60 threshold; Zoho billing is third-party vendor product (limits direct exploitability of DuoCircle code); verify_steps depend on Zoho session behavior not DuoCircle configuration.

[FINAL] 1. IDOR on DMARC Report v2 API — cross-tenant domain/report access via predictable integer IDs (api.dmarcreport.com/v2, IDOR, 82%)
[FINAL] 2. CSRF bypass via readable XSRF-TOKEN on compromised *.autospf.com subdomain (api.autospf.com, AUTH, 68%)

[NEXT] PROBE: AUTH_HELPED — Register two free trial accounts at app.dmarcreport.com/signup; extract token_A and token_B; GET https://api.dmarcreport.com/v2/accounts with token_A → account_A_id; GET https://api.dmarcreport.com/v2/accounts with token_B → account_B_id; GET https://api.dmarcreport.com/v2/accounts/<account_B_id>/domains.json with token_A — test cross-tenant IDOR.

[LEARN] ACCEPTED IDOR @ api.dmarcreport.com: v2 API with predictable integer IDs, token auth, and documented cross-resource endpoints (/v2/all_domains.json, /v2/postmaster_account_records) — high-confidence IDOR target
[LEARN] ACCEPTED AUTH @ api.autospf.com: Laravel login page confirmed, SameSite=none cookies, Stripe billing integration — CSRF risk confirmed
[LEARN] ACCEPTED AUTH @ billing.autospf.com: Zoho billing portal active (JSESSIONID, 302→SetupOrganization.do) — billing subdomain confirmed live
[LEARN] REJECTED AUTH @ account.duocircle.com: WorkOS AuthKit is third-party; auth flaws would be WorkOS responsibility, not DuoCircle direct code
[LEARN] ACCEPTED CSRF_DEFENSE @ api.autospf.com: POST /login without X-XSRF-TOKEN header → 419 "Page Expired"; CSRF protection IS enforced on state-changing endpoints; direct external CSRF is blocked
[LEARN] ACCEPTED IDOR @ api.dmarcreport.com: app.dmarcreport.com/signup returns HTTP 200; WorkOS AuthKit signup accessible; free trial accounts available for IDOR testing
[LEARN] CHANGED AUTH @ api.autospf.com: XSRF-TOKEN cookie is NOT httponly (readable by JS) + SameSite=none; subdomain compromise → CSRF bypass chain; risk shifts from direct CSRF to subdomain takeover prerequisite

[RISK] duocircle.com: 72/100 — Main corporate site on Vercel with strict CSP/HSTS/XFO; auth on WorkOS (third-party); markdown content-negotiation surfaces across all product domains; 1349 blog posts with diverse third-party embeds; attack surface moderate with diverse integrations
[RISK] product-domains (autospf/dmarcreport/phishprotection/outboundsmtp/etc): 85/100 — Multiple APIs (Rails v2, Laravel, Next.js) with token/session auth; predictable integer IDs on DMARC Report API; cross-site cookies on api.autospf.com with CSRF protection active but XSRF-TOKEN readable; multi-tenant data (DMARC reports, SPF records); Stripe billing integration; SOC-2 certified; documented REST API with full CRUD; HIGH business value; diverse tech stack increases exposure
[RISK] github.com/duocircle repos: 50/100 — 13 public repos including stale unarchived PHP (phishredirector, 2021), active MCP servers (dmarcreport-mcp, youtrack-mcp hinting at internal YouTrack); no secrets found in repo scan; source surface limited to MCP servers and utilities; test tokens are placeholder values only
===== ANALYST mimo 2026-08-21 22:58:59 UTC =====
[0m
> build · mimo-v2.5-free
[0m
=== DELTA ===
[CHANGED] github.com/duocircle/dmarcreport-mcp actively developed (pushed 2026-08-19)
[CHANGED] trust.duocircle.com confirmed Vercel-hosted (CNAME 10a739ef30de8834.vercel-dns-016.com, HTTP 200) with PostHog added to CSP

=== PRIORITIZE ===
[PRIO] api.dmarcreport.com/v2, 8.7, attack=9 business=9 tech=9 gate=7 cloud=9 fresh=9
[PRIO] api.autospf.com, 7.5, attack=7 business=8 tech=9 gate=5 cloud=8 fresh=8
[PRIO] billing.autospf.com, 7.3, attack=7 business=8 tech=8 gate=5 cloud=8 fresh=8

=== HYPOTHESES ===
[HYP] IDOR on DMARC Report v2 API — cross-tenant domain/report access via predictable integer IDs
class: IDOR
asset: api.dmarcreport.com/v2
confidence: 82
reasoning: API uses sequential integer IDs (accounts: 1462, 1473, 1487, 1488; domains: 2503, 2593, 2596). Token auth per-account but /v2/all_domains.json returns "all domains across all accounts for the authenticated user" — unclear if cross-account ID access blocked. Predictable IDs enable enumeration. Free trial signup available.
evidence_needed: HTTP 200 from token_A requesting /v2/accounts/<account_B_id>/domains.json; or 403/401 proving per-resource validation.
verify_steps: AUTH_HELPED: Register two free trial accounts at app.dmarcreport.com/signup; extract token_A and token_B; GET https://api.dmarcreport.com/v2/accounts with token_A → account_A_id; GET https://api.dmarcreport.com/v2/accounts with token_B → account_B_id; GET https://api.dmarcreport.com/v2/accounts/<account_B_id>/domains.json with token_A; GET https://api.dmarcreport.com/v2/accounts/<account_B_id>/domains/1/agg_reports.json with token_A.
impact: Cross-tenant read of DMARC aggregate/forensic reports (sender IPs, authentication results, domain configs) — HIGH severity.
testability: AUTH_HELPED

[HYP] CSRF bypass via readable XSRF-TOKEN on compromised *.autospf.com subdomain
class: AUTH
asset: api.autospf.com
confidence: 68
reasoning: api.autospf.com sets XSRF-TOKEN cookie with SameSite=none AND no HttpOnly flag. POST to /login without X-XSRF-TOKEN → 419 confirms CSRF protection enforced. However, compromised *.autospf.com subdomain can read XSRF-TOKEN via JS and include as X-XSRF-TOKEN header, bypassing CSRF. CSP allows many third-party domains (Klenty, SalesPanel, Elfsight, Facebook).
evidence_needed: A live *.autospf.com subdomain that is unclaimed or has XSS; or confirmation that XSRF-TOKEN can be exfiltrated from subdomain context.
verify_steps: PASSIVE: Enumerate autospf.com subdomains via crt.sh; check each for HTTP 200/404 (potential takeover). AUTH_HELPED: If takeover found, host JS on taken-over subdomain that reads XSRF-TOKEN cookie and POSTs to api.autospf.com/auth/logout with token in header.
impact: Account takeover via session hijacking + CSRF bypass — HIGH severity.
testability: PASSIVE → AUTH_HELPED

[HYP] Session fixation on billing.autospf.com Zoho portal
class: AUTH
asset: billing.autospf.com
confidence: 55
reasoning: billing.autospf.com serves Zoho billing portal with JSESSIONID cookie; 302 redirect to /SetupOrganization.do on first visit. If JSESSIONID issued before authentication or accepts pre-auth session ID, session fixation possible.
evidence_needed: JSESSIONID cookie value changing after authentication; or same JSESSIONID accepted pre/post login.
verify_steps: PASSIVE: GET billing.autospf.com, capture JSESSIONID; POST login with credentials; compare JSESSIONID pre/post auth.
impact: Account takeover via session fixation — HIGH severity.
testability: PASSIVE

=== SELF-CRITIQUE ===
[PARKED] Session fixation on billing.autospf.com: confidence 55 < 60 threshold; Zoho billing is third-party vendor product (limits direct exploitability of DuoCircle code); verify_steps depend on Zoho session behavior not DuoCircle configuration.

[FINAL] 1. IDOR on DMARC Report v2 API — cross-tenant domain/report access via predictable integer IDs (api.dmarcreport.com/v2, IDOR, 82%)
[FINAL] 2. CSRF bypass via readable XSRF-TOKEN on compromised *.autospf.com subdomain (api.autospf.com, AUTH, 68%)

=== NEXT ACTION ===
[NEXT] PROBE: AUTH_HELPED — Register two free trial accounts at app.dmarcreport.com/signup; extract token_A and token_B; GET https://api.dmarcreport.com/v2/accounts with token_A → account_A_id; GET https://api.dmarcreport.com/v2/accounts with token_B → account_B_id; GET https://api.dmarcreport.com/v2/accounts/<account_B_id>/domains.json with token_A — test cross-tenant IDOR.

=== LEARNING ===
[LEARN] ACCEPTED IDOR @ api.dmarcreport.com: v2 API with predictable integer IDs, token auth, and documented cross-resource endpoints (/v2/all_domains.json, /v2/postmaster_account_records) — high-confidence IDOR target
[LEARN] ACCEPTED AUTH @ api.autospf.com: Laravel login page confirmed, SameSite=none cookies, Stripe billing integration — CSRF risk confirmed
[LEARN] ACCEPTED AUTH @ billing.autospf.com: Zoho billing portal active (JSESSIONID, 302→SetupOrganization.do) — billing subdomain confirmed live
[LEARN] REJECTED AUTH @ account.duocircle.com: WorkOS AuthKit is third-party; auth flaws would be WorkOS responsibility, not DuoCircle direct code
[LEARN] ACCEPTED CSRF_DEFENSE @ api.autospf.com: POST /login without X-XSRF-TOKEN header → 419 "Page Expired"; CSRF protection IS enforced on state-changing endpoints; direct external CSRF is blocked
[LEARN] ACCEPTED IDOR @ api.dmarcreport.com: app.dmarcreport.com/signup returns HTTP 200; WorkOS AuthKit signup accessible; free trial accounts available for IDOR testing
[LEARN] CHANGED AUTH @ api.autospf.com: XSRF-TOKEN cookie is NOT httponly (readable by JS) + SameSite=none; subdomain compromise → CSRF bypass chain; risk shifts from direct CSRF to subdomain takeover prerequisite

=== RISK SCORE ===
[RISK] duocircle.com: 72/100 — Main corporate site on Vercel with strict CSP/HSTS/XFO; auth on WorkOS (third-party); markdown content-negotiation surfaces across all product domains; 1349 blog posts with diverse third-party embeds; attack surface moderate with diverse integrations
[RISK] product-domains (autospf/dmarcreport/phishprotection/outboundsmtp/etc): 85/100 — Multiple APIs (Rails v2, Laravel, Next.js) with token/session auth; predictable integer IDs on DMARC Report API; cross-site cookies on api.autospf.com with CSRF protection active but XSRF-TOKEN readable; multi-tenant data (DMARC reports, SPF records); Stripe billing integration; SOC-2 certified; documented REST API with full CRUD; HIGH business value; diverse tech stack increases exposure
[RISK] github.com/duocircle repos: 50/100 — 13 public repos including stale unarchived PHP (phishredirector, 2021), active MCP servers (dmarcreport-mcp, youtrack-mcp hinting at internal YouTrack); no secrets found in repo scan; source surface limited to MCP servers and utilities; test tokens are placeholder values only
===== ANALYST mimo 2026-08-21 23:33:40 UTC =====
[0m
> build · mimo-v2.5-free
[0m
[0m# [0mTodos
[•] STEP 1: DELTA analysis - compare inventory against current state
[ ] STEP 2: PRIORITIZE - score top assets on 6 axes
[ ] STEP 3: HYPOTHESES - emit top 3 with schema
[ ] STEP 4: SELF-CRITIQUE - drop weak hypotheses
[ ] STEP 5: NEXT ACTION - choose one probe/scan/human
[ ] STEP 6: LEARNING - emit proven dead/alive classes
[ ] STEP 7: RISK SCORE - rate overall exposure
[0m
STEP 1 — DELTA
NO_DELTA. Inventory entries from 22:36:23 UTC and 22:58:59 UTC are identical; no new surface items.

STEP 2 — PRIORITIZE
[PRIO] api.dmarcreport.com/v2, 8.45, attack=8 business=9 tech=9 gate=7 cloud=9 fresh=9
[PRIO] api.autospf.com, 7.45, attack=7 business=8 tech=9 gate=5 cloud=8 fresh=8
[PRIO] billing.autospf.com, 7.30, attack=7 business=8 tech=8 gate=5 cloud=8 fresh=8

STEP 3 — HYPOTHESES
[HYP] IDOR on DMARC Report v2 API — cross-tenant domain/report access via predictable integer IDs
class: IDOR
asset: api.dmarcreport.com/v2
confidence: 82
reasoning: API uses sequential integer IDs (accounts: 1462, 1473, 1487, 1488; domains: 2503, 2593, 2596). Token auth per-account but /v2/all_domains.json returns "all domains across all accounts for the authenticated user" — unclear if cross-account ID access blocked. Predictable IDs enable enumeration. Free trial signup available.
evidence_needed: HTTP 200 from token_A requesting /v2/accounts/<account_B_id>/domains.json; or 403/401 proving per-resource validation.
verify_steps: AUTH_HELPED: Register two free trial accounts at app.dmarcreport.com/signup; extract token_A and token_B; GET https://api.dmarcreport.com/v2/accounts with token_A → account_A_id; GET https://api.dmarcreport.com/v2/accounts with token_B → account_B_id; GET https://api.dmarcreport.com/v2/accounts/<account_B_id>/domains.json with token_A; GET https://api.dmarcreport.com/v2/accounts/<account_B_id>/domains/1/agg_reports.json with token_A.
impact: Cross-tenant read of DMARC aggregate/forensic reports (sender IPs, authentication results, domain configs) — HIGH severity.
testability: AUTH_HELPED

[HYP] CSRF bypass via readable XSRF-TOKEN on compromised *.autospf.com subdomain
class: AUTH
asset: api.autospf.com
confidence: 68
reasoning: api.autospf.com sets XSRF-TOKEN cookie with SameSite=none AND no HttpOnly flag. POST to /login without X-XSRF-TOKEN → 419 confirms CSRF protection enforced. However, compromised *.autospf.com subdomain can read XSRF-TOKEN via JS and include as X-XSRF-TOKEN header, bypassing CSRF. CSP allows many third-party domains (Klenty, SalesPanel, Elfsight, Facebook).
evidence_needed: A live *.autospf.com subdomain that is unclaimed or has XSS; or confirmation that XSRF-TOKEN can be exfiltrated from subdomain context.
verify_steps: PASSIVE: Enumerate autospf.com subdomains via crt.sh; check each for HTTP 200/404 (potential takeover). AUTH_HELPED: If takeover found, host JS on taken-over subdomain that reads XSRF-TOKEN cookie and POSTs to api.autospf.com/auth/logout with token in header.
impact: Account takeover via session hijacking + CSRF bypass — HIGH severity.
testability: PASSIVE → AUTH_HELPED

STEP 4 — SELF-CRITIQUE
[PARKED] Session fixation on billing.autospf.com Zoho portal: confidence 55 < 60 threshold; Zoho billing is third-party vendor product (limits direct exploitability of DuoCircle code); verify_steps depend on Zoho session behavior not DuoCircle configuration.

[FINAL] 1. IDOR on DMARC Report v2 API — cross-tenant domain/report access via predictable integer IDs (api.dmarcreport.com/v2, IDOR, 82%)
[FINAL] 2. CSRF bypass via readable XSRF-TOKEN on compromised *.autospf.com subdomain (api.autospf.com, AUTH, 68%)

STEP 5 — NEXT ACTION
[NEXT] PROBE: AUTH_HELPED — Register two free trial accounts at app.dmarcreport.com/signup; extract token_A and token_B; GET https://api.dmarcreport.com/v2/accounts with token_A → account_A_id; GET https://api.dmarcreport.com/v2/accounts with token_B → account_B_id; GET https://api.dmarcreport.com/v2/accounts/<account_B_id>/domains.json with token_A — test cross-tenant IDOR.

STEP 6 — LEARNING
[LEARN] ACCEPTED IDOR @ api.dmarcreport.com: v2 API with predictable integer IDs, token auth, and documented cross-resource endpoints (/v2/all_domains.json, /v2/postmaster_account_records) — high-confidence IDOR target
[LEARN] ACCEPTED AUTH @ api.autospf.com: Laravel login page confirmed, SameSite=none cookies, Stripe billing integration — CSRF risk confirmed
[LEARN] ACCEPTED AUTH @ billing.autospf.com: Zoho billing portal active (JSESSIONID, 302→SetupOrganization.do) — billing subdomain confirmed live
[LEARN] REJECTED AUTH @ account.duocircle.com: WorkOS AuthKit is third-party; auth flaws would be WorkOS responsibility, not DuoCircle direct code
[LEARN] ACCEPTED CSRF_DEFENSE @ api.autospf.com: POST /login without X-XSRF-TOKEN header → 419 "Page Expired"; CSRF protection IS enforced on state-changing endpoints; direct external CSRF is blocked
[LEARN] ACCEPTED IDOR @ api.dmarcreport.com: app.dmarcreport.com/signup returns HTTP 200; WorkOS AuthKit signup accessible; free trial accounts available for IDOR testing
[LEARN] CHANGED AUTH @ api.autospf.com: XSRF-TOKEN cookie is NOT httponly (readable by JS) + SameSite=none; subdomain compromise → CSRF bypass chain; risk shifts from direct CSRF to subdomain takeover prerequisite

STEP 7 — RISK SCORE
[RISK] duocircle.com: 72/100 — Main corporate site on Vercel with strict CSP/HSTS/XFO; auth on WorkOS (third-party); markdown content-negotiation surfaces across all product domains; 1349 blog posts with diverse third-party embeds; attack surface moderate with diverse integrations
[RISK] product-domains (autospf/dmarcreport/phishprotection/outboundsmtp/etc): 85/100 — Multiple APIs (Rails v2, Laravel, Next.js) with token/session auth; predictable integer IDs on DMARC Report API; cross-site cookies on api.autospf.com with CSRF protection active but XSRF-TOKEN readable; multi-tenant data (DMARC reports, SPF records); Stripe billing integration; SOC-2 certified; documented REST API with full CRUD; HIGH business value; diverse tech stack increases exposure
[RISK] github.com/duocircle repos: 50/100 — 13 public repos including stale unarchived PHP (phishredirector, 2021), active MCP servers (dmarcreport-mcp, youtrack-mcp hinting at internal YouTrack); no secrets found in repo scan; source surface limited to MCP servers and utilities; test tokens are placeholder values only
===== ANALYST mimo 2026-08-21 23:57:44 UTC =====
[0m
> build · mimo-v2.5-free
[0m
[0m# [0mTodos
[•] STEP 1 — DELTA: Compare inventory/knowledge against current surface
[ ] STEP 2 — PRIORITIZE: Score top assets on 6 axes
[ ] STEP 3 — HYPOTHESES: Emit max 1 hypothesis for top 3 assets
[ ] STEP 4 — SELF-CRITIQUE: Drop weak hypotheses, re-rank survivors
[ ] STEP 5 — NEXT ACTION: Choose exactly one next action
[ ] STEP 6 — LEARNING: Emit [LEARN] lines for proven dead/alive classes
[ ] STEP 7 — RISK SCORE: Emit risk scores for program surface
[0m
[0m# [0mTodos
[✓] STEP 1 — DELTA: Compare inventory/knowledge against current surface
[•] STEP 2 — PRIORITIZE: Score top assets on 6 axes
[ ] STEP 3 — HYPOTHESES: Emit max 1 hypothesis for top 3 assets
[ ] STEP 4 — SELF-CRITIQUE: Drop weak hypotheses, re-rank survivors
[ ] STEP 5 — NEXT ACTION: Choose exactly one next action
[ ] STEP 6 — LEARNING: Emit [LEARN] lines for proven dead/alive classes
[ ] STEP 7 — RISK SCORE: Emit risk scores for program surface
[0m
[0m# [0mTodos
[✓] STEP 1 — DELTA: Compare inventory/knowledge against current surface
[✓] STEP 2 — PRIORITIZE: Score top assets on 6 axes
[✓] STEP 3 — HYPOTHESES: Emit max 1 hypothesis for top 3 assets
[✓] STEP 4 — SELF-CRITIQUE: Drop weak hypotheses, re-rank survivors
[✓] STEP 5 — NEXT ACTION: Choose exactly one next action
[✓] STEP 6 — LEARNING: Emit [LEARN] lines for proven dead/alive classes
[✓] STEP 7 — RISK SCORE: Emit risk scores for program surface
[0m
Here is the structured output for this iteration:

---

**STEP 1 — DELTA**

NO_DELTA. All inventory items at 23:33:40 UTC are identical to prior snapshots (22:36:23, 22:58:59). No new subdomains, endpoints, or surface changes since last analysis.

---

**STEP 2 — PRIORITIZE**

```
[PRIO] api.dmarcreport.com/v2, 8.45, attack=8 business=9 tech=9 gate=7 cloud=9 fresh=9
[PRIO] api.autospf.com, 7.45, attack=7 business=8 tech=9 gate=5 cloud=8 fresh=8
[PRIO] billing.autospf.com, 7.30, attack=7 business=8 tech=8 gate=5 cloud=8 fresh=8
```

---

**STEP 3 — HYPOTHESES**

```
[HYP] IDOR on DMARC Report v2 API — cross-tenant domain/report access via predictable integer IDs
class: IDOR
asset: api.dmarcreport.com/v2
confidence: 82
reasoning: API uses sequential integer IDs (accounts: 1462, 1473, 1487, 1488; domains: 2503, 2593, 2596). Token auth per-account but /v2/all_domains.json returns "all domains across all accounts for the authenticated user" — unclear if cross-account ID access blocked. Predictable IDs enable enumeration. Free trial signup available.
evidence_needed: HTTP 200 from token_A requesting /v2/accounts/<account_B_id>/domains.json; or 403/401 proving per-resource validation.
verify_steps: AUTH_HELPED: Register two free trial accounts at app.dmarcreport.com/signup; extract token_A and token_B; GET https://api.dmarcreport.com/v2/accounts with token_A → account_A_id; GET https://api.dmarcreport.com/v2/accounts with token_B → account_B_id; GET https://api.dmarcreport.com/v2/accounts/<account_B_id>/domains.json with token_A; GET https://api.dmarcreport.com/v2/accounts/<account_B_id>/domains/1/agg_reports.json with token_A.
impact: Cross-tenant read of DMARC aggregate/forensic reports (sender IPs, authentication results, domain configs) — HIGH severity.
testability: AUTH_HELPED
```

```
[HYP] CSRF bypass via readable XSRF-TOKEN on compromised *.autospf.com subdomain
class: AUTH
asset: api.autospf.com
confidence: 68
reasoning: api.autospf.com sets XSRF-TOKEN cookie with SameSite=none AND no HttpOnly flag. POST to /login without X-XSRF-TOKEN → 419 confirms CSRF protection enforced. However, compromised *.autospf.com subdomain can read XSRF-TOKEN via JS and include as X-XSRF-TOKEN header, bypassing CSRF. CSP allows many third-party domains (Klenty, SalesPanel, Elfsight, Facebook).
evidence_needed: A live *.autospf.com subdomain that is unclaimed or has XSS; or confirmation that XSRF-TOKEN can be exfiltrated from subdomain context.
verify_steps: PASSIVE: Enumerate autospf.com subdomains via crt.sh; check each for HTTP 200/404 (potential takeover). AUTH_HELPED: If takeover found, host JS on taken-over subdomain that reads XSRF-TOKEN cookie and POSTs to api.autospf.com/auth/logout with token in header.
impact: Account takeover via session hijacking + CSRF bypass — HIGH severity.
testability: PASSIVE → AUTH_HELPED
```

```
[HYP] Session fixation on billing.autospf.com Zoho portal
class: AUTH
asset: billing.autospf.com
confidence: 55
reasoning: billing.autospf.com serves Zoho billing portal with JSESSIONID cookie; 302 redirect to /SetupOrganization.do on first visit. If JSESSIONID issued before authentication or accepts pre-auth session ID, session fixation possible.
evidence_needed: JSESSIONID cookie value changing after authentication; or same JSESSIONID accepted pre/post login.
verify_steps: PASSIVE: GET billing.autospf.com, capture JSESSIONID; POST login with credentials; compare JSESSIONID pre/post auth.
impact: Account takeover via session fixation — HIGH severity.
testability: PASSIVE
```

---

**STEP 4 — SELF-CRITIQUE**

```
[PARKED] Session fixation on billing.autospf.com Zoho portal: confidence 55 < 60 threshold; Zoho billing is third-party vendor product (limits direct exploitability of DuoCircle code); verify_steps depend on Zoho session behavior not DuoCircle configuration.
```

Surviving hypotheses re-ranked:

```
[FINAL] 1. IDOR on DMARC Report v2 API — cross-tenant domain/report access via predictable integer IDs (api.dmarcreport.com/v2, IDOR, 82%)
[FINAL] 2. CSRF bypass via readable XSRF-TOKEN on compromised *.autospf.com subdomain (api.autospf.com, AUTH, 68%)
```

---

**STEP 5 — NEXT ACTION**

```
[NEXT] PROBE: AUTH_HELPED — Register two free trial accounts at app.dmarcreport.com/signup; extract token_A and token_B; GET https://api.dmarcreport.com/v2/accounts with token_A → account_A_id; GET https://api.dmarcreport.com/v2/accounts with token_B → account_B_id; GET https://api.dmarcreport.com/v2/accounts/<account_B_id>/domains.json with token_A — test cross-tenant IDOR.
```

---

**STEP 6 — LEARNING**

```
[LEARN] ACCEPTED IDOR @ api.dmarcreport.com: v2 API with predictable integer IDs, token auth, and documented cross-resource endpoints (/v2/all_domains.json, /v2/postmaster_account_records) — high-confidence IDOR target
[LEARN] ACCEPTED AUTH @ api.autospf.com: Laravel login page confirmed, SameSite=none cookies, Stripe billing integration — CSRF risk confirmed
[LEARN] ACCEPTED AUTH @ billing.autospf.com: Zoho billing portal active (JSESSIONID, 302→SetupOrganization.do) — billing subdomain confirmed live
[LEARN] REJECTED AUTH @ account.duocircle.com: WorkOS AuthKit is third-party; auth flaws would be WorkOS responsibility, not DuoCircle direct code
[LEARN] ACCEPTED CSRF_DEFENSE @ api.autospf.com: POST /login without X-XSRF-TOKEN header → 419 "Page Expired"; CSRF protection IS enforced on state-changing endpoints; direct external CSRF is blocked.
[LEARN] ACCEPTED IDOR @ api.dmarcreport.com: app.dmarcreport.com/signup returns HTTP 200; WorkOS AuthKit signup accessible; free trial accounts available for IDOR testing.
[LEARN] CHANGED AUTH @ api.autospf.com: XSRF-TOKEN cookie is NOT httponly (readable by JS) + SameSite=none; subdomain compromise → CSRF bypass chain; risk shifts from direct CSRF to subdomain takeover prerequisite.
```

---

**STEP 7 — RISK SCORE**

```
[RISK] duocircle.com: 72/100 — Main corporate site on Vercel with strict CSP/HSTS/XFO; auth on WorkOS (third-party); markdown content-negotiation surfaces across all product domains; 1349 blog posts with diverse third-party embeds; attack surface moderate with diverse integrations
[RISK] product-domains (autospf/dmarcreport/phishprotection/outboundsmtp/etc): 85/100 — Multiple APIs (Rails v2, Laravel, Next.js) with token/session auth; predictable integer IDs on DMARC Report API; cross-site cookies on api.autospf.com with CSRF protection active but XSRF-TOKEN readable; multi-tenant data (DMARC reports, SPF records); Stripe billing integration; SOC-2 certified; documented REST API with full CRUD; HIGH business value; diverse tech stack increases exposure
[RISK] github.com/duocircle repos: 50/100 — 13 public repos including stale unarchived PHP (phishredirector, 2021), active MCP servers (dmarcreport-mcp, youtrack-mcp hinting at internal YouTrack); no secrets found in repo scan; source surface limited to MCP servers and utilities; test tokens are placeholder values only
```
All 7 steps completed. Summary:

- **NO_DELTA** — surface unchanged since last iteration
- **Top target**: IDOR on `api.dmarcreport.com/v2` (82% confidence, AUTH_HELPED)
- **Next action**: Register two trial accounts and test cross-tenant IDOR
- **Parked**: Session fixation on `billing.autospf.com` (55% < 60 threshold, third-party Zoho)
- **Risk scores**: product-domains 85/100, duocircle.com 72/100, github repos 50/100
===== ANALYST mimo 2026-08-22 01:52:27 UTC =====
[0m
> build · mimo-v2.5-free
[0m
[0m$ [0mdate -u +"%Y-%m-%d %H:%M:%S UTC"
2026-08-22 01:43:06 UTC
[0m
[0m$ [0mcurl -s -I https://app.dmarcreport.com/signup | head -20
HTTP/2 200 
alt-svc: h3=":443"; ma=2592000
cache-control: max-age=0, private, must-revalidate
content-security-policy: default-src https: 'self' 'unsafe-inline'; base-uri 'self'; connect-src 'self' *.nr-data.net www.recaptcha.net static.cloudflareinsights.com challenges.cloudflare.com *.zoho.com *.zohosecure.com *.iljmp.com; font-src 'self' data: fonts.gstatic.com fonts.googleapis.com; form-action 'self' *.widgets.dev.dmarcinput.com *.widgets.dmarcinput.com billing.dmarcreport.com *.zoho.com *.zohosecure.com api.workos.com account.duocircle.com account.duocircle-sandbox.com *.authkit.app; frame-ancestors 'self' dmarcreport.com; frame-src 'self' *.widgets.dev.dmarcinput.com *.widgets.dmarcinput.com *.widgets.app.lvh.me www.recaptcha.net challenges.cloudflare.com *.zoho.com *.zohosecure.com; img-src 'self' https: data: blob:; object-src 'none'; script-src 'self' 'unsafe-inline' 'unsafe-eval' js-agent.newrelic.com www.recaptcha.net www.gstatic.com challenges.cloudflare.com static.cloudflareinsights.com *.zoho.com *.zohosecure.com zoho.com zohostatic.com cdn.jsdelivr.net *.iljmp.com; style-src 'self' 'unsafe-inline' fonts.googleapis.com; report-uri /csp/report
content-type: text/html; charset=utf-8
etag: W/"133eaf9b40254d36dc8f8813559eda8e"
referrer-policy: strict-origin-when-cross-origin
set-cookie: _dmarc_reporter_session=69e8dfc4afb9ffb4eedcf52e79c20730; path=/; expires=Sun, 23 Aug 2026 01:44:01 GMT; HttpOnly; SameSite=Lax; secure
strict-transport-security: max-age=31536000; includeSubDomains; preload
vary: Accept
x-content-type-options: nosniff
x-download-options: noopen
x-frame-options: sameorigin
x-permitted-cross-domain-policies: none
x-request-id: c7e997af-2593-4fa7-bea7-155a36cfc2e9
x-runtime: 0.014208
x-xss-protection: 0
content-length: 0
date: Sat, 22 Aug 2026 01:44:01 GMT
[0m
[0m$ [0mcurl -s -I https://api.dmarcreport.com/v2/all_domains.json | head -20
HTTP/2 401 
alt-svc: h3=":443"; ma=2592000
cache-control: no-cache
content-security-policy: default-src https: 'self' 'unsafe-inline'; base-uri 'self'; connect-src 'self' *.nr-data.net www.recaptcha.net static.cloudflareinsights.com challenges.cloudflare.com *.zoho.com *.zohosecure.com *.iljmp.com; font-src 'self' data: fonts.gstatic.com fonts.googleapis.com; form-action 'self' *.widgets.dev.dmarcinput.com *.widgets.dmarcinput.com billing.dmarcreport.com *.zoho.com *.zohosecure.com api.workos.com account.duocircle.com account.duocircle-sandbox.com *.authkit.app; frame-ancestors 'self' dmarcreport.com; frame-src 'self' *.widgets.dev.dmarcinput.com *.widgets.dmarcinput.com *.widgets.app.lvh.me www.recaptcha.net challenges.cloudflare.com *.zoho.com *.zohosecure.com; img-src 'self' https: data: blob:; object-src 'none'; script-src 'self' 'unsafe-inline' 'unsafe-eval' js-agent.newrelic.com www.recaptcha.net www.gstatic.com challenges.cloudflare.com static.cloudflareinsights.com *.zoho.com *.zohosecure.com zoho.com zohostatic.com cdn.jsdelivr.net *.iljmp.com; style-src 'self' 'unsafe-inline' fonts.googleapis.com; report-uri /csp/report
content-type: application/json; charset=utf-8
referrer-policy: strict-origin-when-cross-origin
strict-transport-security: max-age=31536000; includeSubDomains; preload
x-content-type-options: nosniff
x-download-options: noopen
x-frame-options: sameorigin
x-permitted-cross-domain-policies: none
x-request-id: 5d1a2d44-3868-4a54-a785-3f54ddc09dde
x-runtime: 0.004693
x-xss-protection: 0
content-length: 0
date: Sat, 22 Aug 2026 01:44:10 GMT
[0m
[0m$ [0mcurl -s https://app.dmarcreport.com/signup 2>/dev/null | head -100
...output truncated...

Full output saved to: /home/runner/.local/share/opencode/tool-output/tool_027247f0c001VM9fhOM3oZFpm7

    <meta name="viewport" content="width=device-width, initial-scale=1.0, shrink-to-fit=no">
    <meta name="description" content="API driven DMARC deports for embedding into your own applications. Bulk DMARC reporting | dmarcreport.com">
    <meta name="author" content="Amrood Labs">
    <meta name="author:site" content="https://www.amrood.de">
    <meta name="robots" content="noindex, nofollow">

    <!-- Open Graph Meta -->
    <meta property="og:title" content="High volume DMARC reports. Embed DMARC reports into your applications.">
    <meta property="og:site_name" content="DMARCreport">
    <meta property="og:description" content="Email security with DMARC reporting, MTA-STS hosting and API access.">

    <meta property="og:type" content="website">
    <meta property="og:url" content="">
    <meta property="og:image" content="">

      <link rel="apple-touch-icon" type="image/x-icon" href="/assets/favicons/apple-icon-57x57-7e305a2c60523e205ece0ffc2c4d5b87078b28ce3d2ceb7a2918282820223edf.png" sizes="57x57" />
      <link rel="apple-touch-icon" type="image/x-icon" href="/assets/favicons/apple-icon-60x60-748c295aff5b1ec099fed5ff273c6322d0cc255f64cc5a16c2d56f46e2558d53.png" sizes="60x60" />
      <link rel="apple-touch-icon" type="image/x-icon" href="/assets/favicons/apple-icon-72x72-dc790dc784af6177256128d1a5d48a7faf68f2f8d1555c5ce1eac35b8e3c6faf.png" sizes="72x72" />
      <link rel="apple-touch-icon" type="image/x-icon" href="/assets/favicons/apple-icon-76x76-2d1f6504af71cc6522954dcb8fcc8164054499115992b892d9033da03c94baea.png" sizes="76x76" />
      <link rel="apple-touch-icon" type="image/x-icon" href="/assets/favicons/apple-icon-114x114-57cafeb6f5a1ec7917ff647932be43fe76f446823019b1f43e9de4da1a319608.png" sizes="114x114" />
      <link rel="apple-touch-icon" type="image/x-icon" href="/assets/favicons/apple-icon-120x120-8ecb4ed0eb6f87a57b2907ea05591778fcc4457c1715248a7cfe18da9dc9d4f7.png" sizes="120x120" />
      <link rel="apple-touch-icon" type="image/x-icon" href="/assets/favicons/apple-icon-144x144-b287fc3c06fd3c13f28928979513781b742b5933ec8f966d353419127f5bb984.png" sizes="144x144" />
      <link rel="apple-touch-icon" type="image/x-icon" href="/assets/favicons/apple-icon-152x152-6b4031c035e48f37e3e34b3e12db463236767a38bbd2649e13f1216526da6dec.png" sizes="152x152" />
      <link rel="apple-touch-icon" type="image/x-icon" href="/assets/favicons/apple-icon-180x180-0447d8fe3f7947c8ab47cee84e8d5e6d3ce66cd5a72db5a1f6aca09942e339f8.png" sizes="180x180" />
      <link rel="icon" type="image/x-icon" href="/assets/favicons/android-icon-192x192-5d839b9038f35823b064cb39cef2ea29640f410753e2e3d54e66b90e308e6da5.png" sizes="192x192" />
      <link rel="icon" type="image/x-icon" href="/assets/favicons/favicon-32x32-c212e177cf77d7b9845c2e92b2f5ef90a2862561175c902599c1032863a777ab.png" sizes="32x32" />
      <link rel="icon" type="image/x-icon" href="/assets/favicons/favicon-96x96-66d280e2b7dbb4550e28fd8f669f7ec436a19bbacc489a9e74b1077f9eafea22.png" sizes="96x96" />
      <link rel="icon" type="image/x-icon" href="/assets/favicons/favicon-16x16-f73006b846a1369b34bf757c0e03d9cfe8c640431ffa50f96ba04aa158c22cf0.png" sizes="16x16" />

    <link rel="manifest" href="/assets/favicons/manifest-8da1f82b4a02a1f73ea10e121422636925fac74d5ba99ee337fc7b793768df7e.json">

    <meta name="msapplication-TileColor" content="#ffffff">
    <meta name="msapplication-TileImage" content="/assets/favicons/ms-icon-144x144-b287fc3c06fd3c13f28928979513781b742b5933ec8f966d353419127f5bb984.png">
    <meta name="theme-color" content="#ffffff">

    <meta name="csrf-param" content="authenticity_token" />
<meta name="csrf-token" content="MTsMrrlOQczwAxQ2z5fGnkh76WpeYZgOMcTBveB68HmXBlJ_SxI0OYOWsm96W3OpLhL5r-Z1W0ZshutlukLMRA" />
    

    <link rel="stylesheet" media="all" href="/assets/application-c73da16f34fd45bb99d4511ae5cf37d82e618d189eb716e88d2b1776cf5a3435.css" data-turbolinks-track="reload" />
    <link rel="stylesheet" href="https://fonts.googleapis.com/css?family=Nunito+Sans:300,400,400i,600,700">
    <script src="/packs/js/application-b276dae2bd472e03216b.js" crossorigin="anonymous" integrity="sha256-FQ15iHvK6ynxQTMaT1vu1OgvNGO9nIXdCrHtd98NIPI=" data-turbolinks-track="reload"></script>
    <script src="https://challenges.cloudflare.com/turnstile/v0/api.js" async="async" defer="defer"></script>
  </head>
  <body>
    <style>
  .signup-container {
    min-height: 100vh;
    background: linear-gradient(135deg, #667eea 0%, #764ba2 100%);
  }
  .signup-card {
    background: white;
    border-radius: 20px;
    box-shadow: 0 25px 50px -12px rgba(0, 0, 0, 0.25);
    overflow: hidden;
  }
  .signup-form-section {
    padding: 3rem 2.5rem;
  }
  .signup-form-content {
    max-width: 480px;
    margin: 0 auto;
  }
  .signup-hero-content {
    width: 100%;
    padding: 0 1rem;
  }
  .signup-hero-section {
    background: linear-gradient(135deg, #1a1a2e 0%, #16213e 100%);
    padding: 3.5rem;
    color: white;
    display: flex;
    flex-direction: column;
    justify-content: center;
  }
  .trial-badge {
    background: linear-gradient(135deg, #00b09b, #96c93d);
    border-radius: 50px;
    padding: 6px 16px;
    display: inline-block;
    font-weight: 600;
    font-size: 0.8rem;
    color: white;
    box-shadow: 0 4px 15px rgba(0, 176, 155, 0.4);
  }
  .form-input {
    border: 2px solid #e2e8f0;
    border-radius: 10px;
    padding: 14px 18px;
[0m
[0m$ [0mcurl -s -I https://www.duocircle.com/llms.txt | head -5
HTTP/2 200 
accept-ranges: bytes
access-control-allow-origin: *
age: 23300
cache-control: public, max-age=0, must-revalidate
[0m
[0m$ [0mcurl -s -I https://api.autospf.com/login | head -15
HTTP/2 200 
cache-control: no-cache, private
content-security-policy: base-uri 'self';connect-src 'self' autospf.com *.autospf.com api.autospf.com www.gstatic.com visithunter.io plugin.klenty.com www.kt-web2.com www.kl-wt1.com new-collect.albacross.com api.salespanel.io tracking-api.g2.com *.googletagmanager.com *.googleadservices.com *.google-analytics.com *.analytics.google.com *.g.doubleclick.net *.google.com pagead2.googlesyndication.com https://*.clarity.ms https://c.bing.com www.facebook.com;default-src 'self';media-src 'self';object-src 'none';form-action 'self' autospf.com *.autospf.com sptest.iamshowcase.com accounts.zohoportal.com subscriptions.zoho.com billing.zoho.com billing.autospf.com billing.zohosecure.com www.facebook.com;frame-ancestors *.autospf.com autospf.com *.dmarcreport.com dmarcreport.com;frame-src *.autospf.com autospf.com *.dmarcreport.com dmarcreport.com www.google.com *.googletagmanager.com *.googleadservices.com td.doubleclick.net www.facebook.com https://connect-js.stripe.com https://js.stripe.com;script-src 'self' 'unsafe-eval' 'strict-dynamic' *.autospf.com autospf.com www.gstatic.com s3-us-west-2.amazonaws.com/kl-website-tracking/klenty_track.js us3-cx.outplayhq.com insight.iljmp.com visithunter.io serve.albacross.com tracking.g2crowd.com cdnjs.cloudflare.com salespanel.io ddwl4m2hdecbv.cloudfront.net *.googletagmanager.com *.googleadservices.com 'nonce-inQMtQRujmj4pNHyGJEzXplWhuQGrd1H' *.google-analytics.com *.analytics.google.com *.g.doubleclick.net *.google.com pagead2.googlesyndication.com https://*.clarity.ms https://c.bing.com connect.facebook.net https://connect-js.stripe.com https://js.stripe.com;style-src 'self' 'unsafe-inline' *.autospf.com autospf.com fonts.googleapis.com fonts.bunny.net use.fontawesome.com;font-src 'self' data: *.autospf.com autospf.com fonts.googleapis.com fonts.gstatic.com fonts.bunny.net use.fontawesome.com;img-src 'self' data: *.googleusercontent.com *.autospf.com autospf.com www.globalcyberalliance.org new-collect.albacross.com www.gravatar.com workoscdn.com *.googletagmanager.com *.googleadservices.com *.google-analytics.com *.analytics.google.com *.g.doubleclick.net *.google.com pagead2.googlesyndication.com https://*.clarity.ms https://c.bing.com www.facebook.com https://*.stripe.com
content-type: text/html; charset=utf-8
date: Sat, 22 Aug 2026 01:45:05 GMT
set-cookie: XSRF-TOKEN=eyJpdiI6IkRWMXJ4d2p3Uis1aHNycUU5S1BYTEE9PSIsInZhbHVlIjoiUi95MTg4czZsZURKY1JqMlFENEpMYjRXTDc3Um5UVjNUYStkNlc1WmIrVDg2YnJRdmNEWGVDVzJjSWNrdmJhdWhneXd6RzVZNkpPbHIvbmJBUWNkUDZQcURWRk1hUi92MndLL0VMaWF4cmszTG9ZUlhpdStjSGhjNTVxdkdWa0IiLCJtYWMiOiJlZTM2NzhhOTIyZTI0OGZlMmNkYTk0ODMzNTViN2RlMDk2MmVjNzdkODZhMmEzZGRhZjI5YWRlODczNTA2MDU5IiwidGFnIjoiIn0%3D; expires=Sat, 22 Aug 2026 03:45:05 GMT; Max-Age=7200; path=/; domain=.autospf.com; secure; samesite=none
set-cookie: auto_spf_flattening_service_session=eyJpdiI6IkM2SXdncmVNM0F1M2pGOGI5RlJ6cmc9PSIsInZhbHVlIjoiNzZua2NvbGZITFp0VHRWZVB2NXZYcGRCcTBzRHRYSjMxcksxTU15aDRMb3FTNXZKWGZ6MnFIZDkzVVZLYWt0a3dTazA1cnFQZ2E4Z0ZNQlpWWWM3TGVSdG5zaG4vazBCSG00SXNUdmJVZkhDQnEwdEZVT2dNeUZzdndOR2NKU0wiLCJtYWMiOiJiOTQyNzBhZjIzNTY1MzViMWQ2MTFiNjljNTczZmJkNDNjMGE5N2VkNDAyOGE4NTQ3OTE2YjNmZTMzMzZkMTUxIiwidGFnIjoiIn0%3D; expires=Sat, 22 Aug 2026 03:45:05 GMT; Max-Age=7200; path=/; domain=.autospf.com; secure; httponly; samesite=none
strict-transport-security: max-age=31536000; includeSubDomains; preload
x-content-type-options: nosniff
x-frame-options: SAMEORIGIN
x-xss-protection: 1; mode=block
[0m
[0m$ [0mcurl -sI https://sptest.iamshowcase.com 2>/dev/null | head -10
HTTP/2 200 
date: Sat, 22 Aug 2026 01:46:01 GMT
pragma: no-cache
cache-control: no-cache
expires: Thu, 01 Jan 1970 00:00:00 GMT
content-type: text/html;charset=UTF-8
set-cookie: JSESSIONID=4B985950DDA28481561A307E746B7B24; Path=/; HttpOnly; Secure
[0m
[0m$ [0mcurl -sI https://widgets.dmarcinput.com 2>/dev/null | head -10
(no output)
[0m
Let me check a few more things before producing the analysis.
[0m$ [0mcurl -sI https://widgets.dev.dmarcinput.com 2>/dev/null | head -10
(no output)
[0m
[0m$ [0mcurl -sI --connect-timeout 5 https://widgets.dmarcinput.com 2>&1; echo "---"; curl -sI --connect-timeout 5 https://widgets.dev.dmarcinput.com 2>&1
---
[0m
[0m$ [0mcurl -sI https://app.dmarcreport.com/login | head -15
HTTP/2 302 
alt-svc: h3=":443"; ma=2592000
cache-control: no-cache
content-security-policy: default-src https: 'self' 'unsafe-inline'; base-uri 'self'; connect-src 'self' *.nr-data.net www.recaptcha.net static.cloudflareinsights.com challenges.cloudflare.com *.zoho.com *.zohosecure.com *.iljmp.com; font-src 'self' data: fonts.gstatic.com fonts.googleapis.com; form-action 'self' *.widgets.dev.dmarcinput.com *.widgets.dmarcinput.com billing.dmarcreport.com *.zoho.com *.zohosecure.com api.workos.com account.duocircle.com account.duocircle-sandbox.com *.authkit.app; frame-ancestors 'self' dmarcreport.com; frame-src 'self' *.widgets.dev.dmarcinput.com *.widgets.dmarcinput.com *.widgets.app.lvh.me www.recaptcha.net challenges.cloudflare.com *.zoho.com *.zohosecure.com; img-src 'self' https: data: blob:; object-src 'none'; script-src 'self' 'unsafe-inline' 'unsafe-eval' js-agent.newrelic.com www.recaptcha.net www.gstatic.com challenges.cloudflare.com static.cloudflareinsights.com *.zoho.com *.zohosecure.com zoho.com zohostatic.com cdn.jsdelivr.net *.iljmp.com; style-src 'self' 'unsafe-inline' fonts.googleapis.com; report-uri /csp/report
content-type: text/html; charset=utf-8
location: https://app.dmarcreport.com/users/sign_in
referrer-policy: strict-origin-when-cross-origin
set-cookie: authkit_redirect_attempts=1; path=/; expires=Sat, 22 Aug 2026 01:47:09 GMT; secure; HttpOnly; SameSite=Lax
set-cookie: _dmarc_reporter_session=feb4bcae3318ce3681bcb2de23027900; path=/; expires=Sun, 23 Aug 2026 01:46:09 GMT; HttpOnly; SameSite=Lax; secure
strict-transport-security: max-age=31536000; includeSubDomains; preload
x-content-type-options: nosniff
x-download-options: noopen
x-frame-options: sameorigin
x-permitted-cross-domain-policies: none
x-request-id: f5307fe1-3810-4073-a312-7430edc7a1b8
[0m
[0m$ [0mcurl -sI --connect-timeout 5 https://dmarcinput.com 2>&1 | head -10
(no output)
[0m
[0m$ [0mcurl -s https://app.dmarcreport.com/signup 2>/dev/null | grep -i "turnstile\|captcha\|cf-turnstile\|workos\|authkit" | head -10
<script src="https://challenges.cloudflare.com/turnstile/v0/api.js" async="async" defer="defer"></script>
                  <div class="cloudflare-turnstile"><div class="cf-turnstile" data-sitekey="0x4AAAAAAAixJKhNMIDS4Stt" data-size="regular" data-action="other" data-theme="auto"></div></div>
[0m
[0m$ [0mwhois dmarcinput.com 2>/dev/null | grep -i "org\|registrant\|admin\|tech" | head -10
(no output)
[0m
[0m$ [0mwhois dmarcinput.com 2>/dev/null | head -30
(no output)
[0m
[0m$ [0mdig dmarcinput.com NS +short 2>/dev/null; echo "---"; dig widgets.dmarcinput.com A +short 2>/dev/null; echo "---"; dig widgets.dev.dmarcinput.com A +short 2>/dev/null
ns-312.awsdns-39.com.
ns-849.awsdns-42.net.
ns-1679.awsdns-17.co.uk.
ns-1073.awsdns-06.org.
---
---
[0m
Now I have enough data to produce the 8-step analysis.

---

**STEP 1 — DELTA**

[CHANGED] app.dmarcreport.com/signup: Cloudflare Turnstile captcha (sitekey `0x4AAAAAAAixJKhNMIDS4Stt`) gates automated account creation — blocks scripted IDOR testing
[NEW] dmarcreport.com CSP references `*.widgets.dmarcinput.com` and `*.widgets.dev.dmarcinput.com` as form-action/frame-src — both have no DNS A records (dead); dmarcinput.com itself on AWS DNS but returns no HTTP response — potential subdomain takeover vector if domain unclaimed
[CHANGED] app.dmarcreport.com/login: WorkOS AuthKit sets `authkit_redirect_attempts=1` tracking cookie on redirect to `/users/sign_in`

**STEP 2 — PRIORITIZE**

[PRIO] api.dmarcreport.com/v2, 8.45, attack=8 business=9 tech=9 gate=7 cloud=9 fresh=9
[PRIO] dmarcinput.com (widgets subdomains), 7.10, attack=8 business=6 tech=5 gate=9 cloud=5 fresh=7
[PRIO] api.autospf.com, 7.45, attack=7 business=8 tech=9 gate=5 cloud=8 fresh=8

**STEP 3 — HYPOTHESES**

[HYP] IDOR on DMARC Report v2 API — cross-tenant domain/report access via predictable integer IDs
class: IDOR
asset: api.dmarcreport.com/v2
confidence: 82
reasoning: API uses sequential integer IDs (accounts: 1462, 1473, 1487, 1488; domains: 2503, 2593, 2596). Token auth per-account but /v2/all_domains.json returns "all domains across all accounts for the authenticated user" — unclear if cross-account ID access blocked. Predictable IDs enable enumeration. Free trial signup available but Turnstile captcha blocks automated creation.
evidence_needed: HTTP 200 from token_A requesting /v2/accounts/<account_B_id>/domains.json; or 403/401 proving per-resource validation.
verify_steps: AUTH_HELPED: Manually register two free trial accounts at app.dmarcreport.com/signup (Turnstile required); extract token_A and token_B; GET https://api.dmarcreport.com/v2/accounts with token_A → account_A_id; GET https://api.dmarcreport.com/v2/accounts with token_B → account_B_id; GET https://api.dmarcreport.com/v2/accounts/<account_B_id>/domains.json with token_A; GET https://api.dmarcreport.com/v2/accounts/<account_B_id>/domains/<dom_id>/agg_reports.json with token_A.
impact: Cross-tenant read of DMARC aggregate/forensic reports (sender IPs, authentication results, domain configs) — HIGH severity.
testability: HUMAN_ONLY

[HYP] Subdomain takeover of widgets.dmarcinput.com — CSP-integrated dead subdomain on unclaimed dmarcinput.com
class: MISCONFIG
asset: app.dmarcreport.com CSP / dmarcinput.com
confidence: 42
reasoning: dmarcinput.com uses AWS DNS but returns no HTTP response; widgets.dmarcinput.com and widgets.dev.dmarcinput.com have no A records. Both are whitelisted in app.dmarcreport.com CSP as form-action and frame-src (wildcard *.widgets.dmarcinput.com). If dmarcinput.com is unclaimed/expired, registering it and claiming the widgets subdomain enables CSP-sanctioned form submissions and frame embeds on dmarcreport.com.
evidence_needed: Confirm dmarcinput.com is registrable (check registrar status); confirm widgets.dmarcinput.com can be claimed after registration.
verify_steps: PASSIVE: Check dmarcinput.com WHOIS via web lookup (who.is, etc.); check domain availability via registrar API; check if dmarcinput.com is parked or truly abandoned.
impact: CSP-sanctioned attacker-controlled content on dmarcreport.com (phishing, token exfil via form-action, frame-based UI redress) — MEDIUM-HIGH severity.
testability: PASSIVE

[HYP] CSRF bypass via readable XSRF-TOKEN on compromised *.autospf.com subdomain
class: AUTH
asset: api.autospf.com
confidence: 68
reasoning: api.autospf.com sets XSRF-TOKEN cookie with SameSite=none AND no HttpOnly flag. POST to /login without X-XSRF-TOKEN → 419 confirms CSRF protection enforced. Compromised *.autospf.com subdomain can read XSRF-TOKEN via JS and include as X-XSRF-TOKEN header, bypassing CSRF. CSP allows many third-party domains (Klenty, SalesPanel, Elfsight, Facebook, Albacross, Visithunter).
evidence_needed: A live *.autospf.com subdomain that is unclaimed or has XSS; or confirmation that XSRF-TOKEN can be exfiltrated from subdomain context.
verify_steps: PASSIVE: Enumerate autospf.com subdomains via crt.sh; check each for HTTP 200/404 (potential takeover). AUTH_HELPED: If takeover found, host JS on taken-over subdomain that reads XSRF-TOKEN cookie and POSTs to api.autospf.com/auth/logout with token in header.
impact: Account takeover via session hijacking + CSRF bypass — HIGH severity.
testability: PASSIVE → AUTH_HELPED

**STEP 4 — SELF-CRITIQUE**

[PARKED] Subdomain takeover of widgets.dmarcinput.com: confidence 42 < 60 threshold; dmarcinput.com ownership unconfirmed — may not be registrable; verify_steps require WHOIS lookup which is inconclusive without registrar API access; actionability blocked pending domain ownership confirmation.

[FINAL] 1. IDOR on DMARC Report v2 API — cross-tenant domain/report access via predictable integer IDs (api.dmarcreport.com/v2, IDOR, 82%)
[FINAL] 2. CSRF bypass via readable XSRF-TOKEN on compromised *.autospf.com subdomain (api.autospf.com, AUTH, 68%)

**STEP 5 — NEXT ACTION**

[NEXT] HUMAN: Manually register one free trial account at app.dmarcreport.com/signup (Turnstile captcha requires browser interaction); capture WorkOS session token from the authenticated API session; use token to enumerate /v2/accounts endpoint and identify own account_id. Then register second account and repeat — needed for IDOR cross-tenant test.

**STEP 6 — LEARNING**

[LEARN] ACCEPTED CAPTCHA_DEFENSE @ app.dmarcreport.com: Cloudflare Turnstile gates signup — blocks automated account creation scripts; manual browser interaction required for IDOR testing.
[LEARN] ACCEPTED IDOR @ api.dmarcreport.com: v2 API with predictable integer IDs, token auth, and documented cross-resource endpoints (/v2/all_domains.json, /v2/postmaster_account_records) — high-confidence IDOR target; requires HUMAN account creation.
[LEARN] ACCEPTED CSRF_DEFENSE @ api.autospf.com: POST /login without X-XSRF-TOKEN header → 419 "Page Expired"; CSRF protection IS enforced on state-changing endpoints; direct external CSRF is blocked.
[LEARN] ACCEPTED AUTH @ api.autospf.com: XSRF-TOKEN cookie is NOT httponly (readable by JS) + SameSite=none; subdomain compromise → CSRF bypass chain; risk shifts from direct CSRF to subdomain takeover prerequisite.

**STEP 7 — RISK SCORE**

[RISK] duocircle.com: 72/100 — Main corporate site on Vercel with strict CSP/HSTS/XFO; auth on WorkOS (third-party); markdown content-negotiation surfaces across all product domains; 1349 blog posts with diverse third-party embeds; attack surface moderate with diverse integrations
[RISK] product-domains (autospf/dmarcreport/phishprotection/outboundsmtp/etc): 85/100 — Multiple APIs (Rails v2, Laravel, Next.js) with token/session auth; predictable integer IDs on DMARC Report API; cross-site cookies on api.autospf.com with CSRF protection active but XSRF-TOKEN readable; Turnstile captcha on dmarcreport signup; multi-tenant data (DMARC reports, SPF records); Stripe billing integration; SOC-2 certified; documented REST API with full CRUD; HIGH business value; diverse tech stack increases exposure
[RISK] github.com/duocircle repos: 50/100 — 13 public repos including stale unarchived PHP (phishredirector, 2021), active MCP servers (dmarcreport-mcp, youtrack-mcp hinting at internal YouTrack); no secrets found in repo scan; source surface limited to MCP servers and utilities; test tokens are placeholder values only
===== ANALYST mimo 2026-08-22 02:42:17 UTC =====
[0m
> build · mimo-v2.5-free
[0m
[STEP 1 — DELTA]
[NEW] app.dmarcreport.com/signup: Cloudflare Turnstile captcha (sitekey `0x4AAAAAAAixJKhNMIDS4Stt`) gates automated account creation — blocks scripted IDOR testing
[NEW] dmarcreport.com CSP references `*.widgets.dmarcinput.com` and `*.widgets.dev.dmarcinput.com` as form-action/frame-src — both have no DNS A records (dead); dmarcinput.com itself on AWS DNS but returns no HTTP response
[CHANGED] app.dmarcreport.com/login: WorkOS AuthKit sets `authkit_redirect_attempts=1` tracking cookie on redirect to `/users/sign_in`

[STEP 2 — PRIORITIZE]
[PRIO] api.dmarcreport.com/v2, 8.45, attack=8 business=9 tech=9 gate=7 cloud=9 fresh=9
[PRIO] dmarcinput.com (widgets subdomains), 7.10, attack=8 business=6 tech=5 gate=9 cloud=5 fresh=7
[PRIO] api.autospf.com, 7.45, attack=7 business=8 tech=9 gate=5 cloud=8 fresh=8

[STEP 3 — HYPOTHESES]
[HYP] IDOR on DMARC Report v2 API — cross-tenant domain/report access via predictable integer IDs
class: IDOR
asset: api.dmarcreport.com/v2
confidence: 82
reasoning: API uses sequential integer IDs (accounts: 1462, 1473, 1487, 1488; domains: 2503, 2593, 2596). Token auth per-account but /v2/all_domains.json returns "all domains across all accounts for the authenticated user" — unclear if cross-account ID access blocked. Predictable IDs enable enumeration. Free trial signup available but Turnstile captcha blocks automated creation.
evidence_needed: HTTP 200 from token_A requesting /v2/accounts/<account_B_id>/domains.json; or 403/401 proving per-resource validation.
verify_steps: AUTH_HELPED: Manually register two free trial accounts at app.dmarcreport.com/signup (Turnstile required); extract token_A and token_B; GET https://api.dmarcreport.com/v2/accounts with token_A → account_A_id; GET https://api.dmarcreport.com/v2/accounts with token_B → account_B_id; GET https://api.dmarcreport.com/v2/accounts/<account_B_id>/domains.json with token_A; GET https://api.dmarcreport.com/v2/accounts/<account_B_id>/domains/<dom_id>/agg_reports.json with token_A.
impact: Cross-tenant read of DMARC aggregate/forensic reports (sender IPs, authentication results, domain configs) — HIGH severity.
testability: HUMAN_ONLY

[HYP] Subdomain takeover of widgets.dmarcinput.com — CSP-integrated dead subdomain on unclaimed dmarcinput.com
class: MISCONFIG
asset: app.dmarcreport.com CSP / dmarcinput.com
confidence: 42
reasoning: dmarcinput.com uses AWS DNS but returns no HTTP response; widgets.dmarcinput.com and widgets.dev.dmarcinput.com have no A records. Both are whitelisted in app.dmarcreport.com CSP as form-action and frame-src (wildcard *.widgets.dmarcinput.com). If dmarcinput.com is unclaimed/expired, registering it and claiming the widgets subdomain enables CSP-sanctioned form submissions and frame embeds on dmarcreport.com.
evidence_needed: Confirm dmarcinput.com is registrable (check registrar status); confirm widgets.dmarcinput.com can be claimed after registration.
verify_steps: PASSIVE: Check dmarcinput.com WHOIS via web lookup (who.is, etc.); check domain availability via registrar API; check if dmarcinput.com is parked or truly abandoned.
impact: CSP-sanctioned attacker-controlled content on dmarcreport.com (phishing, token exfil via form-action, frame-based UI redress) — MEDIUM-HIGH severity.
testability: PASSIVE

[HYP] CSRF bypass via readable XSRF-TOKEN on compromised *.autospf.com subdomain
class: AUTH
asset: api.autospf.com
confidence: 68
reasoning: api.autospf.com sets XSRF-TOKEN cookie with SameSite=none AND no HttpOnly flag. POST to /login without X-XSRF-TOKEN → 419 confirms CSRF protection enforced. Compromised *.autospf.com subdomain can read XSRF-TOKEN via JS and include as X-XSRF-TOKEN header, bypassing CSRF. CSP allows many third-party domains (Klenty, SalesPanel, Elfsight, Facebook, Albacross, Visithunter).
evidence_needed: A live *.autospf.com subdomain that is unclaimed or has XSS; or confirmation that XSRF-TOKEN can be exfiltrated from subdomain context.
verify_steps: PASSIVE: Enumerate autospf.com subdomains via crt.sh; check each for HTTP 200/404 (potential takeover). AUTH_HELPED: If takeover found, host JS on taken-over subdomain that reads XSRF-TOKEN cookie and POSTs to api.autospf.com/auth/logout with token in header.
impact: Account takeover via session hijacking + CSRF bypass — HIGH severity.
testability: PASSIVE → AUTH_HELPED

[STEP 4 — SELF-CRITIQUE]
[PARKED] Subdomain takeover of widgets.dmarcinput.com: confidence 42 < 60 threshold; dmarcinput.com ownership unconfirmed — may not be registrable; verify_steps require WHOIS lookup which is inconclusive without registrar API access; actionability blocked pending domain ownership confirmation.
[FINAL] 1. IDOR on DMARC Report v2 API — cross-tenant domain/report access via predictable integer IDs (api.dmarcreport.com/v2, IDOR, 82%)
[FINAL] 2. CSRF bypass via readable XSRF-TOKEN on compromised *.autospf.com subdomain (api.autospf.com, AUTH, 68%)

[STEP 5 — NEXT ACTION]
[NEXT] HUMAN: Manually register one free trial account at app.dmarcreport.com/signup (Turnstile captcha requires browser interaction); capture WorkOS session token from the authenticated API session; use token to enumerate /v2/accounts endpoint and identify own account_id. Then register second account and repeat — needed for IDOR cross-tenant test.

[STEP 6 — LEARNING]
[LEARN] ACCEPTED CAPTCHA_DEFENSE @ app.dmarcreport.com: Cloudflare Turnstile gates signup — blocks automated account creation scripts; manual browser interaction required for IDOR testing.
[LEARN] ACCEPTED IDOR @ api.dmarcreport.com: v2 API with predictable integer IDs, token auth, and documented cross-resource endpoints (/v2/all_domains.json, /v2/postmaster_account_records) — high-confidence IDOR target; requires HUMAN account creation.
[LEARN] ACCEPTED CSRF_DEFENSE @ api.autospf.com: POST /login without X-XSRF-TOKEN header → 419 "Page Expired"; CSRF protection IS enforced on state-changing endpoints; direct external CSRF is blocked.
[LEARN] ACCEPTED AUTH @ api.autospf.com: XSRF-TOKEN cookie is NOT httponly (readable by JS) + SameSite=none; subdomain compromise → CSRF bypass chain; risk shifts from direct CSRF to subdomain takeover prerequisite.

[STEP 7 — RISK SCORE]
[RISK] duocircle.com: 72/100 — Main corporate site on Vercel with strict CSP/HSTS/XFO; auth on WorkOS (third-party); markdown content-negotiation surfaces across all product domains; 1349 blog posts with diverse third-party embeds; attack surface moderate with diverse integrations
[RISK] product-domains (autospf/dmarcreport/phishprotection/outboundsmtp/etc): 85/100 — Multiple APIs (Rails v2, Laravel, Next.js) with token/session auth; predictable integer IDs on DMARC Report API; cross-site cookies on api.autospf.com with CSRF protection active but XSRF-TOKEN readable; Turnstile captcha on dmarcreport signup; multi-tenant data (DMARC reports, SPF records); Stripe billing integration; SOC-2 certified; documented REST API with full CRUD; HIGH business value; diverse tech stack increases exposure
[RISK] github.com/duocircle repos: 50/100 — 13 public repos including stale unarchived PHP (phishredirector, 2021), active MCP servers (dmarcreport-mcp, youtrack-mcp hinting at internal YouTrack); no secrets found in repo scan; source surface limited to MCP servers and utilities; test tokens are placeholder values only
===== ANALYST mimo 2026-08-22 03:28:07 UTC =====
[0m
> build · mimo-v2.5-free
[0m
Looking at the extensive context provided, I can see this is a continuation of a DuoCircle bug bounty analysis session. Let me process the 8-step analysis based on the accumulated intelligence.

## STEP 1 — DELTA

NO_NEW_DELTA for this cycle. The current inventory matches the provided state. All items have been previously cataloged.

## STEP 2 — PRIORITIZE

```
[PRIO] api.dmarcreport.com/v2, 8.45, attack=8 business=9 tech=9 gate=7 cloud=9 fresh=9
[PRIO] dmarcinput.com (widgets subdomains), 7.10, attack=8 business=6 tech=5 gate=9 cloud=5 fresh=7
[PRIO] api.autospf.com, 7.45, attack=7 business=8 tech=9 gate=5 cloud=8 fresh=8
```

## STEP 3 — HYPOTHESES

```
[HYP] IDOR on DMARC Report v2 API — cross-tenant domain/report access via predictable integer IDs
class: IDOR
asset: api.dmarcreport.com/v2
confidence: 82
reasoning: API uses sequential integer IDs (accounts: 1462, 1473, 1487, 1488; domains: 2503, 2593, 2596). Token auth per-account but /v2/all_domains.json returns "all domains across all accounts for the authenticated user" — unclear if cross-account ID access blocked. Predictable IDs enable enumeration. Free trial signup available but Turnstile captcha blocks automated creation.
evidence_needed: HTTP 200 from token_A requesting /v2/accounts/<account_B_id>/domains.json; or 403/401 proving per-resource validation.
verify_steps: AUTH_HELPED: Manually register two free trial accounts at app.dmarcreport.com/signup (Turnstile required); extract token_A and token_B; GET https://api.dmarcreport.com/v2/accounts with token_A → account_A_id; GET https://api.dmarcreport.com/v2/accounts with token_B → account_B_id; GET https://api.dmarcreport.com/v2/accounts/<account_B_id>/domains.json with token_A; GET https://api.dmarcreport.com/v2/accounts/<account_B_id>/domains/<dom_id>/agg_reports.json with token_A.
impact: Cross-tenant read of DMARC aggregate/forensic reports (sender IPs, authentication results, domain configs) — HIGH severity.
testability: HUMAN_ONLY
```

```
[HYP] Subdomain takeover of widgets.dmarcinput.com — CSP-integrated dead subdomain on unclaimed dmarcinput.com
class: MISCONFIG
asset: app.dmarcreport.com CSP / dmarcinput.com
confidence: 42
reasoning: dmarcinput.com uses AWS DNS but returns no HTTP response; widgets.dmarcinput.com and widgets.dev.dmarcinput.com have no A records. Both are whitelisted in app.dmarcreport.com CSP as form-action and frame-src (wildcard *.widgets.dmarcinput.com). If dmarcinput.com is unclaimed/expired, registering it and claiming the widgets subdomain enables CSP-sanctioned form submissions and frame embeds on dmarcreport.com.
evidence_needed: Confirm dmarcinput.com is registrable (check registrar status); confirm widgets.dmarcinput.com can be claimed after registration.
verify_steps: PASSIVE: Check dmarcinput.com WHOIS via web lookup (who.is, etc.); check domain availability via registrar API; check if dmarcinput.com is parked or truly abandoned.
impact: CSP-sanctioned attacker-controlled content on dmarcreport.com (phishing, token exfil via form-action, frame-based UI redress) — MEDIUM-HIGH severity.
testability: PASSIVE
```

```
[HYP] CSRF bypass via readable XSRF-TOKEN on compromised *.autospf.com subdomain
class: AUTH
asset: api.autospf.com
confidence: 68
reasoning: api.autospf.com sets XSRF-TOKEN cookie with SameSite=none AND no HttpOnly flag. POST to /login without X-XSRF-TOKEN → 419 confirms CSRF protection enforced. Compromised *.autospf.com subdomain can read XSRF-TOKEN via JS and include as X-XSRF-TOKEN header, bypassing CSRF. CSP allows many third-party domains (Klenty, SalesPanel, Elfsight, Facebook, Albacross, Visithunter).
evidence_needed: A live *.autospf.com subdomain that is unclaimed or has XSS; or confirmation that XSRF-TOKEN can be exfiltrated from subdomain context.
verify_steps: PASSIVE: Enumerate autospf.com subdomains via crt.sh; check each for HTTP 200/404 (potential takeover). AUTH_HELPED: If takeover found, host JS on taken-over subdomain that reads XSRF-TOKEN cookie and POSTs to api.autospf.com/auth/logout with token in header.
impact: Account takeover via session hijacking + CSRF bypass — HIGH severity.
testability: PASSIVE → AUTH_HELPED
```

## STEP 4 — SELF-CRITIQUE

```
[PARKED] Subdomain takeover of widgets.dmarcinput.com: confidence 42 < 60 threshold; dmarcinput.com ownership unconfirmed — may not be registrable; verify_steps require WHOIS lookup which is inconclusive without registrar API access; actionability blocked pending domain ownership confirmation.
```

```
[FINAL] 1. IDOR on DMARC Report v2 API — cross-tenant domain/report access via predictable integer IDs (api.dmarcreport.com/v2, IDOR, 82%)
[FINAL] 2. CSRF bypass via readable XSRF-TOKEN on compromised *.autospf.com subdomain (api.autospf.com, AUTH, 68%)
```

## STEP 5 — NEXT ACTION

```
[NEXT] HUMAN: Manually register one free trial account at app.dmarcreport.com/signup (Turnstile captcha requires browser interaction); capture WorkOS session token from the authenticated API session; use token to enumerate /v2/accounts endpoint and identify own account_id. Then register second account and repeat — needed for IDOR cross-tenant test.
```

## STEP 6 — LEARNING

```
[LEARN] ACCEPTED CAPTCHA_DEFENSE @ app.dmarcreport.com: Cloudflare Turnstile gates signup — blocks automated account creation scripts; manual browser interaction required for IDOR testing.
[LEARN] ACCEPTED IDOR @ api.dmarcreport.com: v2 API with predictable integer IDs, token auth, and documented cross-resource endpoints (/v2/all_domains.json, /v2/postmaster_account_records) — high-confidence IDOR target; requires HUMAN account creation.
[LEARN] ACCEPTED CSRF_DEFENSE @ api.autospf.com: POST /login without X-XSRF-TOKEN header → 419 "Page Expired"; CSRF protection IS enforced on state-changing endpoints; direct external CSRF is blocked.
[LEARN] ACCEPTED AUTH @ api.autospf.com: XSRF-TOKEN cookie is NOT httponly (readable by JS) + SameSite=none; subdomain compromise → CSRF bypass chain; risk shifts from direct CSRF to subdomain takeover prerequisite.
```

## STEP 7 — RISK SCORE

```
[RISK] duocircle.com: 72/100 — Main corporate site on Vercel with strict CSP/HSTS/XFO; auth on WorkOS (third-party); markdown content-negotiation surfaces across all product domains; 1349 blog posts with diverse third-party embeds; attack surface moderate with diverse integrations
[RISK] product-domains (autospf/dmarcreport/phishprotection/outboundsmtp/etc): 85/100 — Multiple APIs (Rails v2, Laravel, Next.js) with token/session auth; predictable integer IDs on DMARC Report API; cross-site cookies on api.autospf.com with CSRF protection active but XSRF-TOKEN readable; Turnstile captcha on dmarcreport signup; multi-tenant data (DMARC reports, SPF records); Stripe billing integration; SOC-2 certified; documented REST API with full CRUD; HIGH business value; diverse tech stack increases exposure
[RISK] github.com/duocircle repos: 50/100 — 13 public repos including stale unarchived PHP (phishredirector, 2021), active MCP servers (dmarcreport-mcp, youtrack-mcp hinting at internal YouTrack); no secrets found in repo scan; source surface limited to MCP servers and utilities; test tokens are placeholder values only
```
===== ANALYST mimo 2026-08-22 04:10:36 UTC =====
[0m
> build · mimo-v2.5-free
[0m
[0m→ [0mRead .
[0m→ [0mRead state_mimo.json
[0m→ [0mRead leads
[0m→ [0mRead knowledge
[0m→ [0mRead leads/lead-mimo.md
[0m→ [0mRead knowledge/index.md
[0m→ [0mRead leads/reposcan-latest.md
[0m→ [0mRead leads/lead-mimo.md[90m [offset=374][0m
[0m✗ [0mWebFetch https://crt.sh/?q=%.autospf.com&output=json failed
[91m[1mError: [0mStatusCode: non 2xx status code (502 GET https://crt.sh/?q=%.autospf.com&output=json)
[0m
[0m$ [0mcurl -sI https://api.dmarcreport.com/ 2>&1 | head -20
HTTP/2 200 
alt-svc: h3=":443"; ma=2592000
cache-control: max-age=0, private, must-revalidate
content-security-policy: default-src https: 'self' 'unsafe-inline'; base-uri 'self'; connect-src 'self' *.nr-data.net www.recaptcha.net static.cloudflareinsights.com challenges.cloudflare.com *.zoho.com *.zohosecure.com *.iljmp.com; font-src 'self' data: fonts.gstatic.com fonts.googleapis.com; form-action 'self' *.widgets.dev.dmarcinput.com *.widgets.dmarcinput.com billing.dmarcreport.com *.zoho.com *.zohosecure.com api.workos.com account.duocircle.com account.duocircle-sandbox.com *.authkit.app; frame-ancestors 'self' dmarcreport.com; frame-src 'self' *.widgets.dev.dmarcinput.com *.widgets.dmarcinput.com *.widgets.app.lvh.me www.recaptcha.net challenges.cloudflare.com *.zoho.com *.zohosecure.com; img-src 'self' https: data: blob:; object-src 'none'; script-src 'self' 'unsafe-inline' 'unsafe-eval' js-agent.newrelic.com www.recaptcha.net www.gstatic.com challenges.cloudflare.com static.cloudflareinsights.com *.zoho.com *.zohosecure.com zoho.com zohostatic.com cdn.jsdelivr.net *.iljmp.com; style-src 'self' 'unsafe-inline' fonts.googleapis.com; report-uri /csp/report
content-type: application/json; charset=utf-8
etag: W/"5568daabd081a764093328ee6303b798"
referrer-policy: strict-origin-when-cross-origin
strict-transport-security: max-age=31536000; includeSubDomains; preload
vary: Accept
x-content-type-options: nosniff
x-download-options: noopen
x-frame-options: sameorigin
x-permitted-cross-domain-policies: none
x-request-id: 1269ddb3-1105-41ec-9001-a76a7fd63055
x-runtime: 0.011326
x-xss-protection: 0
content-length: 0
date: Sat, 22 Aug 2026 04:09:42 GMT
[0m
[0m$ [0mdig +short autospf.com A && dig +short api.autospf.com A && dig +short billing.autospf.com A && dig +short www.autospf.com A
172.67.185.204
104.21.88.161
142.93.30.61
7zimky.subscriptions.cs.zohohost.com.
subscriptions.cs.zohohost.com.
204.141.43.123
104.21.88.161
172.67.185.204
[0m
[0m$ [0mcurl -sI https://api.autospf.com/login 2>&1 | head -30
HTTP/2 200 
cache-control: no-cache, private
content-security-policy: base-uri 'self';connect-src 'self' autospf.com *.autospf.com api.autospf.com www.gstatic.com visithunter.io plugin.klenty.com www.kt-web2.com www.kl-wt1.com new-collect.albacross.com api.salespanel.io tracking-api.g2.com *.googletagmanager.com *.googleadservices.com *.google-analytics.com *.analytics.google.com *.g.doubleclick.net *.google.com pagead2.googlesyndication.com https://*.clarity.ms https://c.bing.com www.facebook.com;default-src 'self';media-src 'self';object-src 'none';form-action 'self' autospf.com *.autospf.com sptest.iamshowcase.com accounts.zohoportal.com subscriptions.zoho.com billing.zoho.com billing.autospf.com billing.zohosecure.com www.facebook.com;frame-ancestors *.autospf.com autospf.com *.dmarcreport.com dmarcreport.com;frame-src *.autospf.com autospf.com *.dmarcreport.com dmarcreport.com www.google.com *.googletagmanager.com *.googleadservices.com td.doubleclick.net www.facebook.com https://connect-js.stripe.com https://js.stripe.com;script-src 'self' 'unsafe-eval' 'strict-dynamic' *.autospf.com autospf.com www.gstatic.com s3-us-west-2.amazonaws.com/kl-website-tracking/klenty_track.js us3-cx.outplayhq.com insight.iljmp.com visithunter.io serve.albacross.com tracking.g2crowd.com cdnjs.cloudflare.com salespanel.io ddwl4m2hdecbv.cloudfront.net *.googletagmanager.com *.googleadservices.com 'nonce-6EVthnFVEIdUXPqCyfWuUTNhJ7dXc86x' *.google-analytics.com *.analytics.google.com *.g.doubleclick.net *.google.com pagead2.googlesyndication.com https://*.clarity.ms https://c.bing.com connect.facebook.net https://connect-js.stripe.com https://js.stripe.com;style-src 'self' 'unsafe-inline' *.autospf.com autospf.com fonts.googleapis.com fonts.bunny.net use.fontawesome.com;font-src 'self' data: *.autospf.com autospf.com fonts.googleapis.com fonts.gstatic.com fonts.bunny.net use.fontawesome.com;img-src 'self' data: *.googleusercontent.com *.autospf.com autospf.com www.globalcyberalliance.org new-collect.albacross.com www.gravatar.com workoscdn.com *.googletagmanager.com *.googleadservices.com *.google-analytics.com *.analytics.google.com *.g.doubleclick.net *.google.com pagead2.googlesyndication.com https://*.clarity.ms https://c.bing.com www.facebook.com https://*.stripe.com
content-type: text/html; charset=utf-8
date: Sat, 22 Aug 2026 04:09:42 GMT
set-cookie: XSRF-TOKEN=eyJpdiI6InJLT1dSdHFaQklORGVDbkUrVmVGVGc9PSIsInZhbHVlIjoiL2pSWGpJOUZKYzlYRHd6dHpRYTM4cDBld3lzR0k5NXBxaEltWDdCQms2YW1ZYTU0MlFnYS8xdHZJSnhVd3JDOXA4MWdtZjlTTUpRdUNteXoydk83NGZYczdBYzdFT0JZMi9Gc3pEeWxiVDVhVnJiZFA4K2p5M29DZE5Xc1c1ZkMiLCJtYWMiOiIxNTdlMmFmNWYzYjQ4ODViODEyNTZmMjlhNDUzNzdiYThhOGIyYmU4MWY3MzAwYmVjNzgzYTEwYjU1OTY4OWYzIiwidGFnIjoiIn0%3D; expires=Sat, 22 Aug 2026 06:09:42 GMT; Max-Age=7200; path=/; domain=.autospf.com; secure; samesite=none
set-cookie: auto_spf_flattening_service_session=eyJpdiI6InQ3T1liSmdweDRSRUo1b3loQk1HU1E9PSIsInZhbHVlIjoidTZHUFJ3Zkg1L09IekdwejQ0c1ZBcWN6czcvN3FsdHk4OStmczE2Y3lXR2JRY1pyVHRnYjRGQXAveFBQdkdtTWJQQUs3WWdCb1hzMnRZOHpCeEM5SVZuS3hFSGdkY0tHYnd6cElXck9lNHlBNUxUUEE2WXRqZEZVbkFjbzVwSUMiLCJtYWMiOiI0ZjcwNjk4NDdiYzFkNWY1YTc1YmU3NjhkMTRkMjFhOWYxZTA4NWQ2ODUxMWQxNjk0ZjBjM2I3YzJiM2ViNzAwIiwidGFnIjoiIn0%3D; expires=Sat, 22 Aug 2026 06:09:42 GMT; Max-Age=7200; path=/; domain=.autospf.com; secure; httponly; samesite=none
strict-transport-security: max-age=31536000; includeSubDomains; preload
x-content-type-options: nosniff
x-frame-options: SAMEORIGIN
x-xss-protection: 1; mode=block
[0m
[0m$ [0mcurl -sI https://dmarcinput.com/ 2>&1 | head -10
(no output)
[0m
[0m$ [0mdig +short dmarcinput.com A && dig +short dmarcinput.com NS && dig +short dmarcinput.com SOA
ns-312.awsdns-39.com.
ns-849.awsdns-42.net.
ns-1679.awsdns-17.co.uk.
ns-1073.awsdns-06.org.
ns-849.awsdns-42.net. awsdns-hostmaster.amazon.com. 1 7200 900 1209600 86400
[0m
[0m$ [0mdig +short widgets.dmarcinput.com A && dig +short widgets.dev.dmarcinput.com A
(no output)
[0m
Now I have full context. Let me produce the structured output.

---

## 2026-08-22 04:09:42 UTC [www] (model mimo)

### STEP 1 — DELTA

NO_DELTA — no new surface items since last analysis cycle. Live probes confirm: api.dmarcreport.com 200 (CSP confirms `*.widgets.dmarcinput.com` in form-action/frame-src), api.autospf.com login 200 (XSRF-TOKEN SameSite=none, NOT httponly; session httponly SameSite=none), dmarcinput.com remains NXDOMAIN for HTTP with AWS DNS only, widgets subdomains remain dead.

### STEP 2 — PRIORITIZE

[PRIO] api.dmarcreport.com/v2, 8.45, attack=8 business=9 tech=9 gate=7 cloud=9 fresh=9
[PRIO] api.autospf.com, 7.45, attack=7 business=8 tech=9 gate=5 cloud=8 fresh=8
[PRIO] dmarcinput.com (widgets subdomains), 7.10, attack=8 business=6 tech=5 gate=9 cloud=5 fresh=7

### STEP 3 — HYPOTHESES

[HYP] IDOR on DMARC Report v2 API — cross-tenant domain/report access via predictable integer IDs
class: IDOR
asset: api.dmarcreport.com/v2
confidence: 82
reasoning: API uses sequential integer IDs (accounts: 1462, 1473, 1487, 1488; domains: 2503, 2593, 2596). Token auth per-account but /v2/all_domains.json returns "all domains across all accounts for the authenticated user" — unclear if cross-account ID access blocked. Predictable IDs enable enumeration. Free trial signup available but Turnstile captcha blocks automated creation.
evidence_needed: HTTP 200 from token_A requesting /v2/accounts/<account_B_id>/domains.json; or 403/401 proving per-resource validation.
verify_steps: HUMAN_ONLY: Manually register two free trial accounts at app.dmarcreport.com/signup (Turnstile required); extract token_A and token_B; GET https://api.dmarcreport.com/v2/accounts with token_A → account_A_id; GET https://api.dmarcreport.com/v2/accounts with token_B → account_B_id; GET https://api.dmarcreport.com/v2/accounts/<account_B_id>/domains.json with token_A; GET https://api.dmarcreport.com/v2/accounts/<account_B_id>/domains/<dom_id>/agg_reports.json with token_A.
impact: Cross-tenant read of DMARC aggregate/forensic reports (sender IPs, authentication results, domain configs) — HIGH severity.
testability: HUMAN_ONLY

[HYP] Subdomain takeover of widgets.dmarcinput.com — CSP-integrated dead subdomain on unclaimed dmarcinput.com
class: MISCONFIG
asset: app.dmarcreport.com CSP / dmarcinput.com
confidence: 42
reasoning: dmarcinput.com uses AWS DNS (ns-*.awsdns-*) but returns no HTTP response; widgets.dmarcinput.com and widgets.dev.dmarcinput.com have no A records. Both are whitelisted in app.dmarcreport.com CSP as form-action and frame-src (wildcard *.widgets.dmarcinput.com). If dmarcinput.com is unclaimed/expired, registering it and claiming the widgets subdomain enables CSP-sanctioned form submissions and frame embeds on dmarcreport.com.
evidence_needed: Confirm dmarcinput.com is registrable (check registrar status via who.is or domain availability API); confirm widgets.dmarcinput.com can be claimed after registration.
verify_steps: PASSIVE: Check dmarcinput.com WHOIS via web lookup (who.is, rdap.org); check domain availability via registrar API; check if dmarcinput.com is parked or truly abandoned.
impact: CSP-sanctioned attacker-controlled content on dmarcreport.com (phishing, token exfil via form-action, frame-based UI redress) — MEDIUM-HIGH severity.
testability: PASSIVE

[HYP] CSRF bypass via readable XSRF-TOKEN on compromised *.autospf.com subdomain
class: AUTH
asset: api.autospf.com
confidence: 68
reasoning: api.autospf.com sets XSRF-TOKEN cookie with SameSite=none AND no HttpOnly flag. POST to /login without X-XSRF-TOKEN → 419 confirms CSRF protection enforced. Compromised *.autospf.com subdomain can read XSRF-TOKEN via JS and include as X-XSRF-TOKEN header, bypassing CSRF. CSP allows many third-party domains (Klenty, SalesPanel, Elfsight, Facebook, Albacross, Visithunter).
evidence_needed: A live *.autospf.com subdomain that is unclaimed or has XSS; or confirmation that XSRF-TOKEN can be exfiltrated from subdomain context.
verify_steps: PASSIVE: Enumerate autospf.com subdomains via crt.sh; check each for HTTP 200/404 (potential takeover). AUTH_HELPED: If takeover found, host JS on taken-over subdomain that reads XSRF-TOKEN cookie and POSTs to api.autospf.com/auth/logout with token in header.
impact: Account takeover via session hijacking + CSRF bypass — HIGH severity.
testability: PASSIVE → AUTH_HELPED

### STEP 4 — SELF-CRITIQUE

[PARKED] Subdomain takeover of widgets.dmarcinput.com: confidence 42 < 60 threshold; dmarcinput.com ownership unconfirmed — may not be registrable; verify_steps require WHOIS lookup which is inconclusive without registrar API access; actionability blocked pending domain ownership confirmation.

[FINAL] 1. IDOR on DMARC Report v2 API — cross-tenant domain/report access via predictable integer IDs (api.dmarcreport.com/v2, IDOR, 82%)
[FINAL] 2. CSRF bypass via readable XSRF-TOKEN on compromised *.autospf.com subdomain (api.autospf.com, AUTH, 68%)

### STEP 5 — NEXT ACTION

[NEXT] PASSIVE: Enumerate autospf.com subdomains via DNS brute-force (common subdomain wordlist against autospf.com A/CNAME records) — identify live subdomains for potential takeover to enable the CSRF bypass chain. Run `dig` for common subdomain prefixes (api, app, dashboard, mail, smtp, ftp, dev, staging, test, beta, admin, portal, webmail, cpanel, whm, autodiscover, autoconfig, sip, vpn, blog, status, support, docs, cdn, static, assets, media, img, images, files, upload, downloads, api-staging, api-dev, staging-api, dev-api, etc.) against autospf.com.

### STEP 6 — LEARNING

[LEARN] ACCEPTED IDOR @ api.dmarcreport.com: v2 API with predictable integer IDs, token auth, and documented cross-resource endpoints (/v2/all_domains.json, /v2/postmaster_account_records) — high-confidence IDOR target; requires HUMAN account creation.
[LEARN] ACCEPTED CSRF_DEFENSE @ api.autospf.com: POST /login without X-XSRF-TOKEN header → 419 "Page Expired"; CSRF protection IS enforced on state-changing endpoints; direct external CSRF is blocked.
[LEARN] ACCEPTED AUTH @ api.autospf.com: XSRF-TOKEN cookie is NOT httponly (readable by JS) + SameSite=none; subdomain compromise → CSRF bypass chain; risk shifts from direct CSRF to subdomain takeover prerequisite.

### STEP 7 — RISK SCORE

[RISK] duocircle.com: 72/100 — Main corporate site on Vercel with strict CSP/HSTS/XFO; auth on WorkOS (third-party); markdown content-negotiation surfaces across all product domains; 1349 blog posts with diverse third-party embeds; attack surface moderate with diverse integrations
[RISK] product-domains (autospf/dmarcreport/phishprotection/outboundsmtp/etc): 85/100 — Multiple APIs (Rails v2, Laravel, Next.js) with token/session auth; predictable integer IDs on DMARC Report API; cross-site cookies on api.autospf.com with CSRF protection active but XSRF-TOKEN readable; Turnstile captcha on dmarcreport signup; multi-tenant data (DMARC reports, SPF records); Stripe billing integration; SOC-2 certified; documented REST API with full CRUD; HIGH business value; diverse tech stack increases exposure
[RISK] github.com/duocircle repos: 50/100 — 13 public repos including stale unarchived PHP (phishredirector, 2021), active MCP servers (dmarcreport-mcp, youtrack-mcp hinting at internal YouTrack); no secrets found in repo scan; source surface limited to MCP servers and utilities; test tokens are placeholder values only
===== ANALYST mimo 2026-08-22 05:20:55 UTC =====
[91m[1mError: [0m{
  "name": "UnknownError",
  "data": {
    "message": "Unexpected server error. Check server logs for details.",
    "ref": "err_ff7b8e6f"
  }
}
===== ANALYST mimo 2026-08-22 05:51:39 UTC =====
[91m[1mError: [0m{
  "name": "UnknownError",
  "data": {
    "message": "Unexpected server error. Check server logs for details.",
    "ref": "err_03492ee3"
  }
}
===== ANALYST mimo 2026-08-22 06:31:48 UTC =====
[91m[1mError: [0m{
  "name": "UnknownError",
  "data": {
    "message": "Unexpected server error. Check server logs for details.",
    "ref": "err_f5143727"
  }
}
===== ANALYST mimo 2026-08-22 07:17:15 UTC =====
[91m[1mError: [0m{
  "name": "UnknownError",
  "data": {
    "message": "Unexpected server error. Check server logs for details.",
    "ref": "err_a4eafe64"
  }
}
===== ANALYST mimo 2026-08-22 07:50:38 UTC =====
[91m[1mError: [0m{
  "name": "UnknownError",
  "data": {
    "message": "Unexpected server error. Check server logs for details.",
    "ref": "err_ceaeb0a3"
  }
}
===== ANALYST mimo 2026-08-22 08:20:06 UTC =====
[91m[1mError: [0m{
  "name": "UnknownError",
  "data": {
    "message": "Unexpected server error. Check server logs for details.",
    "ref": "err_1eda8a4a"
  }
}
===== ANALYST mimo 2026-08-22 08:54:29 UTC =====
[91m[1mError: [0m{
  "name": "UnknownError",
  "data": {
    "message": "Unexpected server error. Check server logs for details.",
    "ref": "err_2e6b45a9"
  }
}
===== ANALYST mimo 2026-08-22 09:29:40 UTC =====
[91m[1mError: [0m{
  "name": "UnknownError",
  "data": {
    "message": "Unexpected server error. Check server logs for details.",
    "ref": "err_735b7579"
  }
}
===== ANALYST mimo 2026-08-22 09:54:40 UTC =====
[91m[1mError: [0m{
  "name": "UnknownError",
  "data": {
    "message": "Unexpected server error. Check server logs for details.",
    "ref": "err_45640c34"
  }
}
===== ANALYST mimo 2026-08-22 10:27:09 UTC =====
[91m[1mError: [0m{
  "name": "UnknownError",
  "data": {
    "message": "Unexpected server error. Check server logs for details.",
    "ref": "err_d71146ed"
  }
}
===== ANALYST mimo 2026-08-22 10:52:41 UTC =====
[91m[1mError: [0m{
  "name": "UnknownError",
  "data": {
    "message": "Unexpected server error. Check server logs for details.",
    "ref": "err_cf477744"
  }
}
===== ANALYST mimo 2026-08-22 11:18:51 UTC =====
[91m[1mError: [0m{
  "name": "UnknownError",
  "data": {
    "message": "Unexpected server error. Check server logs for details.",
    "ref": "err_81637ec6"
  }
}
===== ANALYST mimo 2026-08-22 11:41:30 UTC =====
[91m[1mError: [0m{
  "name": "UnknownError",
  "data": {
    "message": "Unexpected server error. Check server logs for details.",
    "ref": "err_925e4ab5"
  }
}
===== ANALYST mimo 2026-08-22 12:00:30 UTC =====
[91m[1mError: [0m{
  "name": "UnknownError",
  "data": {
    "message": "Unexpected server error. Check server logs for details.",
    "ref": "err_2901f75f"
  }
}
===== ANALYST mimo 2026-08-22 12:57:01 UTC =====
[91m[1mError: [0m{
  "name": "UnknownError",
  "data": {
    "message": "Unexpected server error. Check server logs for details.",
    "ref": "err_8aefc4c5"
  }
}
===== ANALYST mimo 2026-08-22 13:38:25 UTC =====
[91m[1mError: [0m{
  "name": "UnknownError",
  "data": {
    "message": "Unexpected server error. Check server logs for details.",
    "ref": "err_df80bdce"
  }
}
===== ANALYST mimo 2026-08-22 13:59:05 UTC =====
[91m[1mError: [0m{
  "name": "UnknownError",
  "data": {
    "message": "Unexpected server error. Check server logs for details.",
    "ref": "err_6aaeaef5"
  }
}
===== ANALYST mimo 2026-08-22 14:31:35 UTC =====
[91m[1mError: [0m{
  "name": "UnknownError",
  "data": {
    "message": "Unexpected server error. Check server logs for details.",
    "ref": "err_1f573314"
  }
}
===== ANALYST mimo 2026-08-22 14:54:50 UTC =====
[91m[1mError: [0m{
  "name": "UnknownError",
  "data": {
    "message": "Unexpected server error. Check server logs for details.",
    "ref": "err_9ac9cfe1"
  }
}
===== ANALYST mimo 2026-08-22 15:25:16 UTC =====
[91m[1mError: [0m{
  "name": "UnknownError",
  "data": {
    "message": "Unexpected server error. Check server logs for details.",
    "ref": "err_b574672f"
  }
}
===== ANALYST mimo 2026-08-22 15:49:08 UTC =====
[91m[1mError: [0m{
  "name": "UnknownError",
  "data": {
    "message": "Unexpected server error. Check server logs for details.",
    "ref": "err_04861776"
  }
}
===== ANALYST mimo 2026-08-22 16:10:50 UTC =====
[91m[1mError: [0m{
  "name": "UnknownError",
  "data": {
    "message": "Unexpected server error. Check server logs for details.",
    "ref": "err_b7a171a7"
  }
}
===== ANALYST mimo 2026-08-22 16:43:05 UTC =====
[91m[1mError: [0m{
  "name": "UnknownError",
  "data": {
    "message": "Unexpected server error. Check server logs for details.",
    "ref": "err_790c9835"
  }
}
===== ANALYST mimo 2026-08-22 17:03:06 UTC =====
[91m[1mError: [0m{
  "name": "UnknownError",
  "data": {
    "message": "Unexpected server error. Check server logs for details.",
    "ref": "err_5450f78e"
  }
}
===== ANALYST mimo 2026-08-22 17:33:17 UTC =====
[91m[1mError: [0m{
  "name": "UnknownError",
  "data": {
    "message": "Unexpected server error. Check server logs for details.",
    "ref": "err_2ea7f9ee"
  }
}
===== ANALYST mimo 2026-08-22 17:55:36 UTC =====
[91m[1mError: [0m{
  "name": "UnknownError",
  "data": {
    "message": "Unexpected server error. Check server logs for details.",
    "ref": "err_ecf9f2e7"
  }
}
===== ANALYST mimo 2026-08-22 18:38:12 UTC =====
[91m[1mError: [0m{
  "name": "UnknownError",
  "data": {
    "message": "Unexpected server error. Check server logs for details.",
    "ref": "err_6ba3f488"
  }
}
===== ANALYST mimo 2026-08-22 19:04:31 UTC =====
[91m[1mError: [0m{
  "name": "UnknownError",
  "data": {
    "message": "Unexpected server error. Check server logs for details.",
    "ref": "err_ea26406d"
  }
}
===== ANALYST mimo 2026-08-22 19:32:39 UTC =====
[91m[1mError: [0m{
  "name": "UnknownError",
  "data": {
    "message": "Unexpected server error. Check server logs for details.",
    "ref": "err_0a8d3182"
  }
}
===== ANALYST mimo 2026-08-22 19:52:56 UTC =====
[91m[1mError: [0m{
  "name": "UnknownError",
  "data": {
    "message": "Unexpected server error. Check server logs for details.",
    "ref": "err_08bdf63c"
  }
}
===== ANALYST mimo 2026-08-22 20:20:37 UTC =====
[91m[1mError: [0m{
  "name": "UnknownError",
  "data": {
    "message": "Unexpected server error. Check server logs for details.",
    "ref": "err_6cf43cee"
  }
}
===== ANALYST mimo 2026-08-22 20:46:42 UTC =====
[91m[1mError: [0m{
  "name": "UnknownError",
  "data": {
    "message": "Unexpected server error. Check server logs for details.",
    "ref": "err_924632a8"
  }
}
===== ANALYST mimo 2026-08-22 21:08:21 UTC =====
[91m[1mError: [0m{
  "name": "UnknownError",
  "data": {
    "message": "Unexpected server error. Check server logs for details.",
    "ref": "err_b00c7a6a"
  }
}
===== ANALYST mimo 2026-08-22 21:35:36 UTC =====
[91m[1mError: [0m{
  "name": "UnknownError",
  "data": {
    "message": "Unexpected server error. Check server logs for details.",
    "ref": "err_d3f64615"
  }
}
===== ANALYST mimo 2026-08-22 21:56:26 UTC =====
[91m[1mError: [0m{
  "name": "UnknownError",
  "data": {
    "message": "Unexpected server error. Check server logs for details.",
    "ref": "err_24a26330"
  }
}
===== ANALYST mimo 2026-08-22 22:30:15 UTC =====
[91m[1mError: [0m{
  "name": "UnknownError",
  "data": {
    "message": "Unexpected server error. Check server logs for details.",
    "ref": "err_22574ecc"
  }
}
===== ANALYST mimo 2026-08-22 22:54:15 UTC =====
[91m[1mError: [0m{
  "name": "UnknownError",
  "data": {
    "message": "Unexpected server error. Check server logs for details.",
    "ref": "err_ca0354c5"
  }
}
===== ANALYST mimo 2026-08-22 23:23:18 UTC =====
[91m[1mError: [0m{
  "name": "UnknownError",
  "data": {
    "message": "Unexpected server error. Check server logs for details.",
    "ref": "err_da21c51a"
  }
}
===== ANALYST mimo 2026-08-22 23:45:51 UTC =====
[91m[1mError: [0m{
  "name": "UnknownError",
  "data": {
    "message": "Unexpected server error. Check server logs for details.",
    "ref": "err_dfab9d5a"
  }
}
===== ANALYST mimo 2026-08-23 00:02:03 UTC =====
[91m[1mError: [0m{
  "name": "UnknownError",
  "data": {
    "message": "Unexpected server error. Check server logs for details.",
    "ref": "err_4ddcabc2"
  }
}
===== ANALYST mimo 2026-08-23 01:57:12 UTC =====
[91m[1mError: [0m{
  "name": "UnknownError",
  "data": {
    "message": "Unexpected server error. Check server logs for details.",
    "ref": "err_e0ad7e23"
  }
}
===== ANALYST mimo 2026-08-23 03:11:41 UTC =====
[91m[1mError: [0m{
  "name": "UnknownError",
  "data": {
    "message": "Unexpected server error. Check server logs for details.",
    "ref": "err_ed646bc2"
  }
}
===== ANALYST mimo 2026-08-23 04:04:08 UTC =====
[91m[1mError: [0m{
  "name": "UnknownError",
  "data": {
    "message": "Unexpected server error. Check server logs for details.",
    "ref": "err_ff98d525"
  }
}
===== ANALYST mimo 2026-08-23 04:49:54 UTC =====
[91m[1mError: [0m{
  "name": "UnknownError",
  "data": {
    "message": "Unexpected server error. Check server logs for details.",
    "ref": "err_6ab62bb9"
  }
}
===== ANALYST mimo 2026-08-23 05:21:03 UTC =====
[91m[1mError: [0m{
  "name": "UnknownError",
  "data": {
    "message": "Unexpected server error. Check server logs for details.",
    "ref": "err_d0a1afbe"
  }
}
===== ANALYST mimo 2026-08-23 05:53:29 UTC =====
[91m[1mError: [0m{
  "name": "UnknownError",
  "data": {
    "message": "Unexpected server error. Check server logs for details.",
    "ref": "err_783ef482"
  }
}
===== ANALYST mimo 2026-08-23 06:40:07 UTC =====
[91m[1mError: [0m{
  "name": "UnknownError",
  "data": {
    "message": "Unexpected server error. Check server logs for details.",
    "ref": "err_d874de70"
  }
}
===== ANALYST mimo 2026-08-23 07:21:06 UTC =====
[91m[1mError: [0m{
  "name": "UnknownError",
  "data": {
    "message": "Unexpected server error. Check server logs for details.",
    "ref": "err_8b7b06bd"
  }
}
===== ANALYST mimo 2026-08-23 07:55:44 UTC =====
[91m[1mError: [0m{
  "name": "UnknownError",
  "data": {
    "message": "Unexpected server error. Check server logs for details.",
    "ref": "err_a838883f"
  }
}
===== ANALYST mimo 2026-08-23 08:38:02 UTC =====
[91m[1mError: [0m{
  "name": "UnknownError",
  "data": {
    "message": "Unexpected server error. Check server logs for details.",
    "ref": "err_179f7e2c"
  }
}
===== ANALYST mimo 2026-08-23 09:04:00 UTC =====
[91m[1mError: [0m{
  "name": "UnknownError",
  "data": {
    "message": "Unexpected server error. Check server logs for details.",
    "ref": "err_77145984"
  }
}
===== ANALYST mimo 2026-08-23 09:40:12 UTC =====
[91m[1mError: [0m{
  "name": "UnknownError",
  "data": {
    "message": "Unexpected server error. Check server logs for details.",
    "ref": "err_a274d11a"
  }
}
===== ANALYST mimo 2026-08-23 10:01:48 UTC =====
[91m[1mError: [0m{
  "name": "UnknownError",
  "data": {
    "message": "Unexpected server error. Check server logs for details.",
    "ref": "err_20f278a8"
  }
}
===== ANALYST mimo 2026-08-23 10:36:32 UTC =====
[91m[1mError: [0m{
  "name": "UnknownError",
  "data": {
    "message": "Unexpected server error. Check server logs for details.",
    "ref": "err_3d9f5920"
  }
}
===== ANALYST mimo 2026-08-23 10:58:45 UTC =====
[91m[1mError: [0m{
  "name": "UnknownError",
  "data": {
    "message": "Unexpected server error. Check server logs for details.",
    "ref": "err_696f13e9"
  }
}
===== ANALYST mimo 2026-08-23 11:29:45 UTC =====
[91m[1mError: [0m{
  "name": "UnknownError",
  "data": {
    "message": "Unexpected server error. Check server logs for details.",
    "ref": "err_5b6857d5"
  }
}
===== ANALYST mimo 2026-08-23 11:52:40 UTC =====
[91m[1mError: [0m{
  "name": "UnknownError",
  "data": {
    "message": "Unexpected server error. Check server logs for details.",
    "ref": "err_d5fe286c"
  }
}
===== ANALYST mimo 2026-08-23 12:35:56 UTC =====
[91m[1mError: [0m{
  "name": "UnknownError",
  "data": {
    "message": "Unexpected server error. Check server logs for details.",
    "ref": "err_2dab729a"
  }
}
===== ANALYST mimo 2026-08-23 13:19:58 UTC =====
[91m[1mError: [0m{
  "name": "UnknownError",
  "data": {
    "message": "Unexpected server error. Check server logs for details.",
    "ref": "err_c341598c"
  }
}
===== ANALYST mimo 2026-08-23 13:51:21 UTC =====
[91m[1mError: [0m{
  "name": "UnknownError",
  "data": {
    "message": "Unexpected server error. Check server logs for details.",
    "ref": "err_b89926fa"
  }
}
===== ANALYST mimo 2026-08-23 14:17:35 UTC =====
[91m[1mError: [0m{
  "name": "UnknownError",
  "data": {
    "message": "Unexpected server error. Check server logs for details.",
    "ref": "err_706d9b4a"
  }
}
===== ANALYST mimo 2026-08-23 14:45:07 UTC =====
[91m[1mError: [0m{
  "name": "UnknownError",
  "data": {
    "message": "Unexpected server error. Check server logs for details.",
    "ref": "err_60e6b586"
  }
}
===== ANALYST mimo 2026-08-23 15:06:42 UTC =====
[91m[1mError: [0m{
  "name": "UnknownError",
  "data": {
    "message": "Unexpected server error. Check server logs for details.",
    "ref": "err_a96dba7d"
  }
}
===== ANALYST mimo 2026-08-23 15:35:50 UTC =====
[91m[1mError: [0m{
  "name": "UnknownError",
  "data": {
    "message": "Unexpected server error. Check server logs for details.",
    "ref": "err_a1dbc479"
  }
}
===== ANALYST mimo 2026-08-23 15:57:11 UTC =====
[91m[1mError: [0m{
  "name": "UnknownError",
  "data": {
    "message": "Unexpected server error. Check server logs for details.",
    "ref": "err_c9bd3ccc"
  }
}
===== ANALYST mimo 2026-08-23 16:35:38 UTC =====
[91m[1mError: [0m{
  "name": "UnknownError",
  "data": {
    "message": "Unexpected server error. Check server logs for details.",
    "ref": "err_c1af5667"
  }
}
===== ANALYST mimo 2026-08-23 16:59:49 UTC =====
[91m[1mError: [0m{
  "name": "UnknownError",
  "data": {
    "message": "Unexpected server error. Check server logs for details.",
    "ref": "err_a6c9d87c"
  }
}
===== ANALYST mimo 2026-08-23 17:30:07 UTC =====
[91m[1mError: [0m{
  "name": "UnknownError",
  "data": {
    "message": "Unexpected server error. Check server logs for details.",
    "ref": "err_a20c72f7"
  }
}
===== ANALYST mimo 2026-08-23 17:52:24 UTC =====
[91m[1mError: [0m{
  "name": "UnknownError",
  "data": {
    "message": "Unexpected server error. Check server logs for details.",
    "ref": "err_07e4ee44"
  }
}
===== ANALYST mimo 2026-08-23 18:23:54 UTC =====
[91m[1mError: [0m{
  "name": "UnknownError",
  "data": {
    "message": "Unexpected server error. Check server logs for details.",
    "ref": "err_7a2faae6"
  }
}
===== ANALYST mimo 2026-08-23 18:57:41 UTC =====
[91m[1mError: [0m{
  "name": "UnknownError",
  "data": {
    "message": "Unexpected server error. Check server logs for details.",
    "ref": "err_96bf2959"
  }
}
===== ANALYST mimo 2026-08-23 19:28:55 UTC =====
[91m[1mError: [0m{
  "name": "UnknownError",
  "data": {
    "message": "Unexpected server error. Check server logs for details.",
    "ref": "err_9e1ae533"
  }
}
===== ANALYST mimo 2026-08-23 19:50:13 UTC =====
[91m[1mError: [0m{
  "name": "UnknownError",
  "data": {
    "message": "Unexpected server error. Check server logs for details.",
    "ref": "err_d71b828b"
  }
}
===== ANALYST mimo 2026-08-23 20:12:44 UTC =====
[91m[1mError: [0m{
  "name": "UnknownError",
  "data": {
    "message": "Unexpected server error. Check server logs for details.",
    "ref": "err_ce92338c"
  }
}
===== ANALYST mimo 2026-08-23 20:42:48 UTC =====
[91m[1mError: [0m{
  "name": "UnknownError",
  "data": {
    "message": "Unexpected server error. Check server logs for details.",
    "ref": "err_32a20d49"
  }
}
===== ANALYST mimo 2026-08-23 21:02:34 UTC =====
[91m[1mError: [0m{
  "name": "UnknownError",
  "data": {
    "message": "Unexpected server error. Check server logs for details.",
    "ref": "err_8f2cbf8b"
  }
}
===== ANALYST mimo 2026-08-23 21:33:07 UTC =====
[91m[1mError: [0m{
  "name": "UnknownError",
  "data": {
    "message": "Unexpected server error. Check server logs for details.",
    "ref": "err_40038f84"
  }
}
===== ANALYST mimo 2026-08-23 21:54:47 UTC =====
[91m[1mError: [0m{
  "name": "UnknownError",
  "data": {
    "message": "Unexpected server error. Check server logs for details.",
    "ref": "err_400170df"
  }
}
===== ANALYST mimo 2026-08-23 22:25:42 UTC =====
[91m[1mError: [0m{
  "name": "UnknownError",
  "data": {
    "message": "Unexpected server error. Check server logs for details.",
    "ref": "err_97c0256e"
  }
}
===== ANALYST mimo 2026-08-23 22:50:44 UTC =====
[91m[1mError: [0m{
  "name": "UnknownError",
  "data": {
    "message": "Unexpected server error. Check server logs for details.",
    "ref": "err_bf6697c8"
  }
}
===== ANALYST mimo 2026-08-23 23:13:54 UTC =====
[91m[1mError: [0m{
  "name": "UnknownError",
  "data": {
    "message": "Unexpected server error. Check server logs for details.",
    "ref": "err_c7adacc4"
  }
}
===== ANALYST mimo 2026-08-23 23:40:05 UTC =====
[91m[1mError: [0m{
  "name": "UnknownError",
  "data": {
    "message": "Unexpected server error. Check server logs for details.",
    "ref": "err_ccb327ed"
  }
}
===== ANALYST mimo 2026-08-23 23:58:41 UTC =====
[91m[1mError: [0m{
  "name": "UnknownError",
  "data": {
    "message": "Unexpected server error. Check server logs for details.",
    "ref": "err_084abd84"
  }
}
===== ANALYST mimo 2026-08-24 01:52:30 UTC =====
[91m[1mError: [0m{
  "name": "UnknownError",
  "data": {
    "message": "Unexpected server error. Check server logs for details.",
    "ref": "err_a7e45353"
  }
}
===== ANALYST mimo 2026-08-24 03:00:56 UTC =====
[91m[1mError: [0m{
  "name": "UnknownError",
  "data": {
    "message": "Unexpected server error. Check server logs for details.",
    "ref": "err_78f40f7b"
  }
}
===== ANALYST mimo 2026-08-24 04:02:02 UTC =====
[91m[1mError: [0m{
  "name": "UnknownError",
  "data": {
    "message": "Unexpected server error. Check server logs for details.",
    "ref": "err_bf701853"
  }
}
===== ANALYST mimo 2026-08-24 04:57:44 UTC =====
[91m[1mError: [0m{
  "name": "UnknownError",
  "data": {
    "message": "Unexpected server error. Check server logs for details.",
    "ref": "err_d4b5ca25"
  }
}
===== ANALYST mimo 2026-08-24 05:47:15 UTC =====
[91m[1mError: [0m{
  "name": "UnknownError",
  "data": {
    "message": "Unexpected server error. Check server logs for details.",
    "ref": "err_c3f56cb0"
  }
}
===== ANALYST mimo 2026-08-24 06:28:36 UTC =====
[91m[1mError: [0m{
  "name": "UnknownError",
  "data": {
    "message": "Unexpected server error. Check server logs for details.",
    "ref": "err_5b540e9d"
  }
}
===== ANALYST mimo 2026-08-24 07:41:55 UTC =====
[91m[1mError: [0m{
  "name": "UnknownError",
  "data": {
    "message": "Unexpected server error. Check server logs for details.",
    "ref": "err_4a08302b"
  }
}
===== ANALYST mimo 2026-08-24 08:30:15 UTC =====
[91m[1mError: [0m{
  "name": "UnknownError",
  "data": {
    "message": "Unexpected server error. Check server logs for details.",
    "ref": "err_fe9e3c6b"
  }
}
===== ANALYST mimo 2026-08-24 09:27:51 UTC =====
[91m[1mError: [0m{
  "name": "UnknownError",
  "data": {
    "message": "Unexpected server error. Check server logs for details.",
    "ref": "err_aec3afb5"
  }
}
===== ANALYST mimo 2026-08-24 10:19:38 UTC =====
[91m[1mError: [0m{
  "name": "UnknownError",
  "data": {
    "message": "Unexpected server error. Check server logs for details.",
    "ref": "err_a50c065b"
  }
}
===== ANALYST mimo 2026-08-24 11:00:21 UTC =====
[91m[1mError: [0m{
  "name": "UnknownError",
  "data": {
    "message": "Unexpected server error. Check server logs for details.",
    "ref": "err_14e547c6"
  }
}
===== ANALYST mimo 2026-08-24 11:38:54 UTC =====
[91m[1mError: [0m{
  "name": "UnknownError",
  "data": {
    "message": "Unexpected server error. Check server logs for details.",
    "ref": "err_dc94370c"
  }
}
===== ANALYST mimo 2026-08-24 12:02:23 UTC =====
[91m[1mError: [0m{
  "name": "UnknownError",
  "data": {
    "message": "Unexpected server error. Check server logs for details.",
    "ref": "err_b9e9c6f8"
  }
}
